cds_pos,cds_from,cds_to,aa_pos,aa_from,aa_to,Germline classification
1988,A,G,663,K,R,Pathogenic
2039,C,T,680,A,V,Pathogenic
2028,C,A,676,N,K,Pathogenic
1471,G,C,491,V,L,Pathogenic
2505,T,A,835,D,E,Pathogenic
1736,T,C,579,V,A,Pathogenic
1758,T,G,586,D,E,Pathogenic
1796,A,T,599,Y,F,Pathogenic
1801,C,A,601,L,I,Pathogenic
1780,T,A,594,F,I,Pathogenic
2524,T,G,842,Y,D,Pathogenic
1715,A,G,572,Y,C,Pathogenic
2508,C,A,836,I,=,Pathogenic
1669,G,A,557,V,I,Pathogenic
286,G,A,96,D,N,Pathogenic
1642,A,G,548,I,V,Pathogenic
1670,T,C,557,V,A,Pathogenic
1790,A,T,597,Y,F,Pathogenic
1339,G,A,447,A,T,Pathogenic
2511,G,A,837,M,I,Pathogenic
2610,T,A,870,D,E,Pathogenic
1780,T,C,594,F,L,Pathogenic
1801,C,T,601,L,F,Pathogenic
1868,A,T,623,K,I,Pathogenic
1992,G,C,664,M,I,Pathogenic
1072,G,A,358,D,N,Pathogenic
2600,T,A,867,I,N,Pathogenic
2525,A,C,842,Y,S,Pathogenic
1723,C,A,575,Q,K,Pathogenic
2456,T,C,819,V,A,Pathogenic
2045,C,T,682,T,I,Pathogenic
1328,C,G,443,A,G,Pathogenic
1989,G,C,663,K,N,Pathogenic
1736,T,A,579,V,E,Pathogenic
1111,G,A,371,V,I,Pathogenic
1471,G,T,491,V,L,Pathogenic
2505,T,G,835,D,E,Pathogenic
2627,T,A,876,I,K,Pathogenic
2050,T,C,684,S,P,Pathogenic
2502,A,G,834,R,=,Pathogenic
580,G,A,194,V,M,Pathogenic
1774,G,A,592,V,I,Pathogenic
1807,T,C,603,W,R,Pathogenic
9,G,A,3,A,=,Pathogenic
2343,T,G,781,N,K,Pathogenic
2516,A,G,839,D,G,Pathogenic
2507,T,G,836,I,S,Pathogenic
600,T,A,200,D,E,Pathogenic
2524,T,C,842,Y,H,Pathogenic
20,A,G,7,D,G,Pathogenic
784,C,T,262,L,F,Pathogenic
1331,A,T,444,E,V,Pathogenic
1700,A,T,567,K,I,Pathogenic
1775,T,C,592,V,A,Pathogenic
1788,A,C,596,E,D,Pathogenic
1774,G,T,592,V,F,Pathogenic
2510,T,C,837,M,T,Pathogenic
2546,G,A,849,R,H,Pathogenic
2492,G,A,831,G,E,Pathogenic
1733,T,G,578,M,R,Pathogenic
2503,G,C,835,D,H,Pathogenic
1270,G,A,424,D,N,Pathogenic
1992,G,T,664,M,I,Pathogenic
2971,G,A,991,E,K,Pathogenic
1727,T,A,576,L,Q,Pathogenic
1771,T,C,591,Y,H,Pathogenic
2517,T,A,839,D,E,Pathogenic
871,G,C,291,A,P,Pathogenic
2566,G,T,856,A,S,Pathogenic
2521,A,T,841,N,Y,Pathogenic
1762,G,A,588,E,K,Pathogenic
2503,G,T,835,D,Y,Pathogenic
2504,A,T,835,D,V,Pathogenic
2073,T,G,691,F,L,Pathogenic
2920,C,T,974,P,S,Pathogenic
1778,A,G,593,D,G,Pathogenic
2507,T,C,836,I,T,Pathogenic
1517,C,T,506,A,V,Pathogenic
2525,A,G,842,Y,C,Pathogenic
2523,C,A,841,N,K,Pathogenic
1723,C,G,575,Q,E,Pathogenic
196,G,A,66,A,T,Pathogenic
686,T,A,229,I,K,Pathogenic
1806,A,G,602,K,=,Pathogenic
1765,T,C,589,Y,H,Pathogenic
1481,A,T,494,Q,L,Pathogenic
1733,T,C,578,M,T,Pathogenic
55,G,T,19,A,S,Pathogenic
2441,C,T,814,A,V,Pathogenic
2506,A,C,836,I,L,Pathogenic
2028,C,G,676,N,K,Pathogenic
1715,A,C,572,Y,S,Pathogenic
1352,C,T,451,S,F,Pathogenic
1730,A,C,577,Q,P,Pathogenic
2524,T,A,842,Y,N,Pathogenic
2966,A,C,989,Q,P,Pathogenic
499,A,G,167,T,A,Pathogenic
237,C,T,79,A,=,Pathogenic
350,A,G,117,H,R,Pathogenic
1731,G,C,577,Q,H,Pathogenic
592,C,T,198,L,F,Pathogenic
1714,T,C,572,Y,H,Pathogenic
1643,T,C,548,I,T,Pathogenic
1987,A,C,663,K,Q,Pathogenic
2501,G,A,834,R,Q,Pathogenic
2027,A,G,676,N,S,Pathogenic
1718,A,G,573,E,G,Pathogenic
2542,G,C,848,A,P,Pathogenic
1423,A,C,475,T,P,Pathogenic
1763,A,T,588,E,V,Pathogenic
2350,A,G,784,T,A,Pathogenic
1727,T,G,576,L,R,Pathogenic
688,A,T,230,R,W,Pathogenic
1710,T,G,570,F,L,Pathogenic
2512,A,G,838,S,G,Pathogenic
2027,A,C,676,N,T,Pathogenic
1073,A,T,358,D,V,Pathogenic
2537,G,A,846,G,D,Pathogenic
2533,A,G,845,R,G,Pathogenic
2504,A,G,835,D,G,Pathogenic
725,C,G,242,T,S,Pathogenic
2726,A,G,909,D,G,Pathogenic
1781,T,C,594,F,S,Pathogenic
1794,A,C,598,E,D,Pathogenic
2600,T,G,867,I,S,Pathogenic
970,G,A,324,D,N,Pathogenic
1652,G,A,551,C,Y,Pathogenic
1935,G,A,645,M,I,Pathogenic
2888,C,T,963,S,L,Pathogenic
1592,C,G,531,S,C,Pathogenic
2596,A,G,866,T,A,Pathogenic
1727,T,C,576,L,P,Pathogenic
1683,A,G,561,L,=,Pathogenic
2508,C,G,836,I,M,Pathogenic
2504,A,C,835,D,A,Pathogenic
1134,A,C,378,Q,H,Pathogenic
215,C,T,72,S,L,Pathogenic
1090,T,C,364,Y,H,Pathogenic
1519,A,G,507,I,V,Pathogenic
1664,T,A,555,I,N,Pathogenic
1977,G,A,659,M,I,Pathogenic
1765,T,G,589,Y,D,Pathogenic
2440,G,T,814,A,S,Pathogenic
2521,A,C,841,N,H,Pathogenic
1349,C,T,450,A,V,Pathogenic
2601,T,G,867,I,M,Pathogenic
1836,T,A,612,F,L,Pathogenic
1736,T,G,579,V,G,Pathogenic
1775,T,A,592,V,D,Pathogenic
1879,G,A,627,A,T,Pathogenic
2211,G,C,737,M,I,Pathogenic
1842,G,A,614,K,=,Pathogenic
1775,T,G,592,V,G,Pathogenic
1310,G,A,437,R,K,Pathogenic
2522,A,T,841,N,I,Pathogenic
2503,G,A,835,D,N,Pathogenic
2822,C,T,941,S,L,Pathogenic
2522,A,C,841,N,T,Pathogenic
1034,T,C,345,V,A,Pathogenic
1771,T,G,591,Y,D,Pathogenic
1556,C,A,519,S,Y,Pathogenic
1780,T,G,594,F,V,Pathogenic
2978,C,G,993,S,W,Pathogenic
1073,A,C,358,D,A,Pathogenic
1724,A,C,575,Q,P,Pathogenic
1796,A,G,599,Y,C,Pathogenic
1330,G,A,444,E,K,Pathogenic
1992,G,A,664,M,I,Pathogenic
1744,A,G,582,T,A,Pathogenic
1739,A,C,580,Q,P,Pathogenic
2962,G,C,988,A,P,Benign
1249,A,C,417,I,L,Benign
680,C,T,227,T,M,Benign
2979,G,A,993,S,=,Benign
2958,G,A,986,P,=,Benign
2415,G,A,805,K,=,Benign
1815,T,C,605,F,=,Benign
1773,C,T,591,Y,=,Benign
1578,G,C,526,T,=,Benign
1278,A,G,426,Q,=,Benign
288,C,T,96,D,=,Benign
96,G,C,32,V,=,Benign
2918,G,A,973,R,Q,Benign
2893,T,C,965,C,R,Benign
2882,G,A,961,R,H,Benign
2823,G,A,941,S,=,Benign
2679,G,A,893,P,=,Benign
2622,T,C,874,Y,=,Benign
2554,G,A,852,V,I,Benign
2448,C,T,816,N,=,Benign
2439,C,T,813,A,=,Benign
2226,A,C,742,E,D,Benign
2205,C,T,735,S,=,Benign
2199,A,G,733,P,=,Benign
2046,A,G,682,T,=,Benign
1926,C,T,642,A,=,Benign
1622,A,G,541,N,S,Benign
1380,A,G,460,P,=,Benign
1337,C,T,446,S,L,Benign
1032,C,T,344,I,=,Benign
1014,A,G,338,Q,=,Benign
972,C,T,324,D,=,Benign
728,G,A,243,R,K,Benign
540,C,T,180,D,=,Benign
420,A,G,140,E,=,Benign
347,C,G,116,P,R,Benign
285,C,T,95,V,=,Benign
180,G,A,60,P,=,Benign
144,G,A,48,G,=,Benign
46,G,C,16,V,L,Benign
