Gene Name,Sample Name,CDS Mutation,AA Mutation,Germline classification,Accession,
FLT3,Patient_5_Diagnosis,c.1988A>G,p.K663R,Pathogenic,,
FLT3,FLU017026,c.2039C>T,p.A680V,Pathogenic,,
FLT3,2950834,c.2028C>A,p.N676K,Pathogenic,,
FLT3,2950928,c.2039C>T,p.A680V,Pathogenic,,
FLT3,SJAML016541_D1_G1,c.2028C>A,p.N676K,Pathogenic,,
FLT3,PD9206a,c.2028C>A,p.N676K,Pathogenic,,
FLT3,PD10953a,c.2028C>A,p.N676K,Pathogenic,,
FLT3,TARGET-20-PARPWL-09A-02D,c.1471G>C,p.V491L,Pathogenic,,
FLT3,2843913,c.2505T>A,p.D835E,Pathogenic,,
FLT3,PD8020a,c.2028C>A,p.N676K,Pathogenic,,
FLT3,997662,c.1736T>C,p.V579A,Pathogenic,,
FLT3,SJBALL022196,c.2039C>T,p.A680V,Pathogenic,,
FLT3,TCGA-AB-2834-03,c.2505T>A,p.D835E,Pathogenic,,
FLT3,PD9262a,c.2028C>A,p.N676K,Pathogenic,,
FLT3,SJHYPER108,c.2039C>T,p.A680V,Pathogenic,,
FLT3,P3,c.1758T>G,p.D586E,Pathogenic,,
FLT3,FLU017007,c.2505T>A,p.D835E,Pathogenic,,
FLT3,UPN012-DX,c.1796A>T,p.Y599F,Pathogenic,,
FLT3,UPN012-DX,c.1801C>A,p.L601I,Pathogenic,,
FLT3,PD8303a,c.1471G>C,p.V491L,Pathogenic,,
FLT3,1528861,c.1780T>A,p.F594I,Pathogenic,,
FLT3,2931049,c.2028C>A,p.N676K,Pathogenic,,
FLT3,2938763,c.2524T>G,p.Y842D,Pathogenic,,
FLT3,AML_291,c.1715A>G,p.Y572C,Pathogenic,,
FLT3,PD11185a,c.2028C>A,p.N676K,Pathogenic,,
FLT3,993910,c.2508C>A,p.I836=,Pathogenic,,
FLT3,SJHYPER043,c.2039C>T,p.A680V,Pathogenic,,
FLT3,PD11086a,c.2039C>T,p.A680V,Pathogenic,,
FLT3,TARGET-20-PARWDZ-09A-03D,c.2039C>T,p.A680V,Pathogenic,,
FLT3,PD17936c,c.2028C>A,p.N676K,Pathogenic,,
FLT3,SJCOGALL011152,c.2039C>T,p.A680V,Pathogenic,,
FLT3,235D,c.2028C>A,p.N676K,Pathogenic,,
FLT3,L74,c.2028C>A,p.N676K,Pathogenic,,
FLT3,SJHYPER127,c.2028C>A,p.N676K,Pathogenic,,
FLT3,PD8328a,c.2039C>T,p.A680V,Pathogenic,,
FLT3,PD8416a,c.2039C>T,p.A680V,Pathogenic,,
FLT3,2929943,c.2039C>T,p.A680V,Pathogenic,,
FLT3,SJHYPER150_D,c.2039C>T,p.A680V,Pathogenic,,
FLT3,AML_191,c.2505T>A,p.D835E,Pathogenic,,
FLT3,2929944,c.2039C>T,p.A680V,Pathogenic,,
FLT3,2611160,c.2028C>A,p.N676K,Pathogenic,,
FLT3,2595118,c.2028C>A,p.N676K,Pathogenic,,
FLT3,PD8113a,c.1471G>C,p.V491L,Pathogenic,,
FLT3,MLL_10_028,c.2505T>A,p.D835E,Pathogenic,,
FLT3,UT_INF_010,c.1715A>G,p.Y572C,Pathogenic,,
FLT3,2595120,c.2028C>A,p.N676K,Pathogenic,,
FLT3,FLU008016,c.2039C>T,p.A680V,Pathogenic,,
FLT3,SJAML016569_D1_G1,c.1471G>C,p.V491L,Pathogenic,,
FLT3,1156031,c.1669G>A,p.V557I,Pathogenic,,
FLT3,2595237,c.2028C>A,p.N676K,Pathogenic,,
FLT3,SJALL049641,c.2028C>A,p.N676K,Pathogenic,,
FLT3,PD7990a,c.1471G>C,p.V491L,Pathogenic,,
FLT3,TCGA-AB-2945-03,c.2505T>A,p.D835E,Pathogenic,,
FLT3,UPN009-REL,c.2028C>A,p.N676K,Pathogenic,,
FLT3,E32390,c.2505T>A,p.D835E,Pathogenic,,
FLT3,AML_228,c.2505T>A,p.D835E,Pathogenic,,
FLT3,AML_114,c.1715A>G,p.Y572C,Pathogenic,,
FLT3,9906_230,c.1780T>A,p.F594I,Pathogenic,,
FLT3,AML_48,c.2028C>A,p.N676K,Pathogenic,,
FLT3,MOLM14,c.1796A>T,p.Y599F,Pathogenic,,
FLT3,L29,c.2039C>T,p.A680V,Pathogenic,,
FLT3,2538852,c.2505T>A,p.D835E,Pathogenic,,
FLT3,PARDDM,c.1736T>C,p.V579A,Pathogenic,,
FLT3,PD10934a,c.1471G>C,p.V491L,Pathogenic,,
FLT3,ALL_832,c.2028C>A,p.N676K,Pathogenic,,
FLT3,PD8739a,c.286G>A,p.D96N,Pathogenic,,
FLT3,996840,c.2039C>T,p.A680V,Pathogenic,,
FLT3,PD8376a,c.1471G>C,p.V491L,Pathogenic,,
FLT3,2611165,c.2039C>T,p.A680V,Pathogenic,,
FLT3,PD11244a,c.1988A>G,p.K663R,Pathogenic,,
FLT3,SJHYPER012,c.1471G>C,p.V491L,Pathogenic,,
FLT3,PD8398a,c.1715A>G,p.Y572C,Pathogenic,,
FLT3,9906_210,c.1471G>C,p.V491L,Pathogenic,,
FLT3,SJAML074145_D1,c.2505T>A,p.D835E,Pathogenic,,
FLT3,PD8313a,c.1642A>G,p.I548V,Pathogenic,,
FLT3,2595188,c.2028C>A,p.N676K,Pathogenic,,
FLT3,107360,c.1471G>C,p.V491L,Pathogenic,,
FLT3,2949963,c.2508C>A,p.I836=,Pathogenic,,
FLT3,322259,c.1670T>C,p.V557A,Pathogenic,,
FLT3,SJBALL022278,c.2505T>A,p.D835E,Pathogenic,,
FLT3,P4,c.2028C>A,p.N676K,Pathogenic,,
FLT3,UPN021-REL,c.1790A>T,p.Y597F,Pathogenic,,
FLT3,E30292,c.2039C>T,p.A680V,Pathogenic,,
FLT3,MI-AML-169,c.1669G>A,p.V557I,Pathogenic,,
FLT3,1178124,c.1715A>G,p.Y572C,Pathogenic,,
FLT3,PD11073a,c.2028C>A,p.N676K,Pathogenic,,
FLT3,PD8463a,c.2039C>T,p.A680V,Pathogenic,,
FLT3,PD8291a,c.2039C>T,p.A680V,Pathogenic,,
FLT3,SJHYPER153,c.2028C>A,p.N676K,Pathogenic,,
FLT3,PD7868a,c.2028C>A,p.N676K,Pathogenic,,
FLT3,UPN079-DX,c.1790A>T,p.Y597F,Pathogenic,,
FLT3,PD10907a,c.2039C>T,p.A680V,Pathogenic,,
FLT3,PD7370a,c.1339G>A,p.A447T,Pathogenic,,
FLT3,SJCOGALL011168,c.2028C>A,p.N676K,Pathogenic,,
FLT3,AML_64,c.2039C>T,p.A680V,Pathogenic,,
FLT3,MM-0505-T,c.2511G>A,p.M837I,Pathogenic,,
FLT3,AML_586,c.2028C>A,p.N676K,Pathogenic,,
FLT3,SJAML074153_D1,c.2505T>A,p.D835E,Pathogenic,,
FLT3,11,c.2039C>T,p.A680V,Pathogenic,,
FLT3,2780599,c.2505T>A,p.D835E,Pathogenic,,
FLT3,PD8216a,c.2039C>T,p.A680V,Pathogenic,,
FLT3,2581274,c.2505T>A,p.D835E,Pathogenic,,
FLT3,84,c.2039C>T,p.A680V,Pathogenic,,
FLT3,9906_001,c.1715A>G,p.Y572C,Pathogenic,,
FLT3,AML_343,c.1715A>G,p.Y572C,Pathogenic,,
FLT3,FLU017032,c.2610T>A,p.D870E,Pathogenic,,
FLT3,233R,c.1780T>C,p.F594L,Pathogenic,,
FLT3,MI-AML-123,c.1669G>A,p.V557I,Pathogenic,,
FLT3,TCGA-AB-2859-03,c.1471G>C,p.V491L,Pathogenic,,
FLT3,1527607,c.2505T>A,p.D835E,Pathogenic,,
FLT3,L31,c.2039C>T,p.A680V,Pathogenic,,
FLT3,SJCOGALL011167,c.2039C>T,p.A680V,Pathogenic,,
FLT3,AML_432,c.2039C>T,p.A680V,Pathogenic,,
FLT3,2950845,c.1715A>G,p.Y572C,Pathogenic,,
FLT3,PD11172a,c.2028C>A,p.N676K,Pathogenic,,
FLT3,UPN078-DX,c.1801C>T,p.L601F,Pathogenic,,
FLT3,2595117,c.2028C>A,p.N676K,Pathogenic,,
FLT3,SJAML046600_D1_G1,c.2028C>A,p.N676K,Pathogenic,,
FLT3,PD11061a,c.2039C>T,p.A680V,Pathogenic,,
FLT3,PARDLP,c.1868A>T,p.K623I,Pathogenic,,
FLT3,SJCBF079,c.2028C>A,p.N676K,Pathogenic,,
FLT3,PD8427a,c.2505T>A,p.D835E,Pathogenic,,
FLT3,SJBALL030127_D1,c.2039C>T,p.A680V,Pathogenic,,
FLT3,AML_249,c.2028C>A,p.N676K,Pathogenic,,
FLT3,AML_498,c.2039C>T,p.A680V,Pathogenic,,
FLT3,SJAML030345_D1,c.2039C>T,p.A680V,Pathogenic,,
FLT3,AML_295,c.2028C>A,p.N676K,Pathogenic,,
FLT3,AML_328,c.1988A>G,p.K663R,Pathogenic,,
FLT3,AML_274,c.2028C>A,p.N676K,Pathogenic,,
FLT3,AML_158,c.1992G>C,p.M664I,Pathogenic,,
FLT3,AML_31,c.2028C>A,p.N676K,Pathogenic,,
FLT3,UPN012-REL,c.1796A>T,p.Y599F,Pathogenic,,
FLT3,UPN012-REL,c.1801C>A,p.L601I,Pathogenic,,
FLT3,PD11093a,c.2028C>A,p.N676K,Pathogenic,,
FLT3,237D,c.2028C>A,p.N676K,Pathogenic,,
FLT3,FLU010055,c.1801C>T,p.L601F,Pathogenic,,
FLT3,SJBALL030290_D1,c.2505T>A,p.D835E,Pathogenic,,
FLT3,219D,c.2028C>A,p.N676K,Pathogenic,,
FLT3,233D,c.1780T>C,p.F594L,Pathogenic,,
FLT3,PD8379a,c.2028C>A,p.N676K,Pathogenic,,
FLT3,1878,c.1072G>A,p.D358N,Pathogenic,,
FLT3,1597,c.1796A>T,p.Y599F,Pathogenic,,
FLT3,SJALL043847-D,c.2028C>A,p.N676K,Pathogenic,,
FLT3,FLU007036,c.1736T>C,p.V579A,Pathogenic,,
FLT3,SJAML046578_D1_G1,c.2039C>T,p.A680V,Pathogenic,,
FLT3,2611167,c.1988A>G,p.K663R,Pathogenic,,
FLT3,2611167,c.2600T>A,p.I867N,Pathogenic,,
FLT3,AML_444,c.2028C>A,p.N676K,Pathogenic,,
FLT3,AML_444,c.2505T>A,p.D835E,Pathogenic,,
FLT3,AML_405,c.2039C>T,p.A680V,Pathogenic,,
FLT3,9906_021,c.2028C>A,p.N676K,Pathogenic,,
FLT3,AML_159,c.2028C>A,p.N676K,Pathogenic,,
FLT3,MLL_10_006,c.1471G>C,p.V491L,Pathogenic,,
FLT3,PAUCDY,c.1471G>C,p.V491L,Pathogenic,,
FLT3,SJBALL030290_D1,c.2028C>A,p.N676K,Pathogenic,,
FLT3,1156032,c.1715A>G,p.Y572C,Pathogenic,,
FLT3,PD10950a,c.1471G>C,p.V491L,Pathogenic,,
FLT3,SJBALL022299,c.2028C>A,p.N676K,Pathogenic,,
FLT3,2595119,c.2028C>A,p.N676K,Pathogenic,,
FLT3,TCGA-AB-2845-03,c.1988A>G,p.K663R,Pathogenic,,
FLT3,PD11202a,c.2039C>T,p.A680V,Pathogenic,,
FLT3,TARGET-20-PASTUH-04A-01D,c.1780T>C,p.F594L,Pathogenic,,
FLT3,2879019,c.2525A>C,p.Y842S,Pathogenic,,
FLT3,PD8559a,c.1471G>C,p.V491L,Pathogenic,,
FLT3,PD10976a,c.1471G>C,p.V491L,Pathogenic,,
FLT3,FLU016057,c.2039C>T,p.A680V,Pathogenic,,
FLT3,2843940,c.1723C>A,p.Q575K,Pathogenic,,
FLT3,AML_222,c.1988A>G,p.K663R,Pathogenic,,
FLT3,SJAML031789_D1,c.2028C>A,p.N676K,Pathogenic,,
FLT3,MOLM13,c.1796A>T,p.Y599F,Pathogenic,,
FLT3,FLU012080,c.2028C>A,p.N676K,Pathogenic,,
FLT3,FLU012080,c.2039C>T,p.A680V,Pathogenic,,
FLT3,9D,c.1780T>C,p.F594L,Pathogenic,,
FLT3,2950610,c.1471G>C,p.V491L,Pathogenic,,
FLT3,1302243,c.2505T>A,p.D835E,Pathogenic,,
FLT3,FLU010015,c.2505T>A,p.D835E,Pathogenic,,
FLT3,PD7774a,c.2505T>A,p.D835E,Pathogenic,,
FLT3,PD11113a,c.1471G>C,p.V491L,Pathogenic,,
FLT3,2595201,c.2028C>A,p.N676K,Pathogenic,,
FLT3,PD9285a,c.2039C>T,p.A680V,Pathogenic,,
FLT3,AML_338,c.2028C>A,p.N676K,Pathogenic,,
FLT3,AML_264,c.2028C>A,p.N676K,Pathogenic,,
FLT3,2581273,c.2505T>A,p.D835E,Pathogenic,,
FLT3,2898910,c.2028C>A,p.N676K,Pathogenic,,
FLT3,AML-ETO-07-T,c.2028C>A,p.N676K,Pathogenic,,
FLT3,AML_653,c.2028C>A,p.N676K,Pathogenic,,
FLT3,2611175,c.1988A>G,p.K663R,Pathogenic,,
FLT3,SJBALL022607,c.2028C>A,p.N676K,Pathogenic,,
FLT3,91577,c.2456T>C,p.V819A,Pathogenic,,
FLT3,2950829,c.2045C>T,p.T682I,Pathogenic,,
FLT3,PD9311a,c.2456T>C,p.V819A,Pathogenic,,
FLT3,TR2,c.1328C>G,p.A443G,Pathogenic,,
FLT3,PANWYM,c.2045C>T,p.T682I,Pathogenic,,
FLT3,2938795,c.1729C>T,p.Q577*,Pathogenic,,
FLT3,1955939,c.1989G>C,p.K663N,Pathogenic,,
FLT3,FLU010024,c.2822C>A,p.S941*,Pathogenic,,
FLT3,SJCOGALL011153,c.1736T>A,p.V579E,Pathogenic,,
FLT3,PD8504a,c.1736T>A,p.V579E,Pathogenic,,
FLT3,FLU014020,c.1111G>A,p.V371I,Pathogenic,,
FLT3,PD7867a,c.1471G>T,p.V491L,Pathogenic,,
FLT3,SJBALL020764,c.1471G>T,p.V491L,Pathogenic,,
FLT3,PD7959a,c.1471G>T,p.V491L,Pathogenic,,
FLT3,AML52,c.1471G>T,p.V491L,Pathogenic,,
FLT3,PD9268a,c.1471G>T,p.V491L,Pathogenic,,
FLT3,TARGET-20-PANKFG-09A-03D,c.1471G>T,p.V491L,Pathogenic,,
FLT3,SJBALL021955,c.1471G>T,p.V491L,Pathogenic,,
FLT3,MLL_03_027,c.1471G>T,p.V491L,Pathogenic,,
FLT3,MLL_10_015,c.1471G>T,p.V491L,Pathogenic,,
FLT3,101D,c.1471G>T,p.V491L,Pathogenic,,
FLT3,PD8336a,c.1471G>T,p.V491L,Pathogenic,,
FLT3,MLL_96_009,c.1471G>T,p.V491L,Pathogenic,,
FLT3,FLU009085,c.1471G>T,p.V491L,Pathogenic,,
FLT3,PD11119a,c.1471G>T,p.V491L,Pathogenic,,
FLT3,2950773,c.1471G>T,p.V491L,Pathogenic,,
FLT3,SJAML073677_D1,c.1471G>T,p.V491L,Pathogenic,,
FLT3,UT_INF_003,c.2505T>G,p.D835E,Pathogenic,,
FLT3,MLL_96_015,c.2505T>G,p.D835E,Pathogenic,,
FLT3,57D,c.2505T>G,p.D835E,Pathogenic,,
FLT3,20613,c.2505T>G,p.D835E,Pathogenic,,
FLT3,26D,c.2505T>G,p.D835E,Pathogenic,,
FLT3,2938743,c.2505T>G,p.D835E,Pathogenic,,
FLT3,1147568,c.2505T>G,p.D835E,Pathogenic,,
FLT3,SJAML030186_D1,c.2505T>G,p.D835E,Pathogenic,,
FLT3,AML_254,c.2505T>G,p.D835E,Pathogenic,,
FLT3,72D,c.2505T>G,p.D835E,Pathogenic,,
FLT3,AML_447,c.2505T>G,p.D835E,Pathogenic,,
FLT3,2443943,c.2505T>G,p.D835E,Pathogenic,,
FLT3,AML_192,c.2505T>G,p.D835E,Pathogenic,,
FLT3,2938561,c.2505T>G,p.D835E,Pathogenic,,
FLT3,PD8046a,c.2505T>G,p.D835E,Pathogenic,,
FLT3,ID23,c.2505T>G,p.D835E,Pathogenic,,
FLT3,2780596,c.2505T>G,p.D835E,Pathogenic,,
FLT3,AML_574,c.2505T>G,p.D835E,Pathogenic,,
FLT3,PD7823a,c.2505T>G,p.D835E,Pathogenic,,
FLT3,PD8157a,c.2505T>G,p.D835E,Pathogenic,,
FLT3,AML04,c.2505T>G,p.D835E,Pathogenic,,
FLT3,E32638,c.2505T>G,p.D835E,Pathogenic,,
FLT3,E32476,c.2505T>G,p.D835E,Pathogenic,,
FLT3,E32637,c.2505T>G,p.D835E,Pathogenic,,
FLT3,PD7658a,c.2505T>G,p.D835E,Pathogenic,,
FLT3,PD8183a,c.2505T>G,p.D835E,Pathogenic,,
FLT3,PD7797a,c.2505T>G,p.D835E,Pathogenic,,
FLT3,SJAML074160_D1,c.2505T>G,p.D835E,Pathogenic,,
FLT3,AML_58,c.2505T>G,p.D835E,Pathogenic,,
FLT3,SJAML060226_D1,c.2505T>G,p.D835E,Pathogenic,,
FLT3,PD8399a,c.2505T>G,p.D835E,Pathogenic,,
FLT3,PD8504a,c.2505T>G,p.D835E,Pathogenic,,
FLT3,1302226,c.2505T>G,p.D835E,Pathogenic,,
FLT3,1302237,c.2505T>G,p.D835E,Pathogenic,,
FLT3,E34674,c.2505T>G,p.D835E,Pathogenic,,
FLT3,2960443,c.2505T>G,p.D835E,Pathogenic,,
FLT3,2590399,c.2505T>G,p.D835E,Pathogenic,,
FLT3,PD10964a,c.2505T>G,p.D835E,Pathogenic,,
FLT3,PD10911a,c.2505T>G,p.D835E,Pathogenic,,
FLT3,PD8142a,c.2505T>G,p.D835E,Pathogenic,,
FLT3,TCGA-AB-2814-03,c.2505T>G,p.D835E,Pathogenic,,
FLT3,CN-AML-CR-55-Dx,c.2505T>G,p.D835E,Pathogenic,,
FLT3,PD8473a,c.2505T>G,p.D835E,Pathogenic,,
FLT3,PD11283a,c.2505T>G,p.D835E,Pathogenic,,
FLT3,FLU016063,c.2505T>G,p.D835E,Pathogenic,,
FLT3,1302238,c.2505T>G,p.D835E,Pathogenic,,
FLT3,PD8553a,c.2505T>G,p.D835E,Pathogenic,,
FLT3,PD8309a,c.2505T>G,p.D835E,Pathogenic,,
FLT3,MLL_96_053,c.2505T>G,p.D835E,Pathogenic,,
FLT3,B-ALL_REL_377,c.2627T>A,p.I876K,Pathogenic,,
FLT3,2292387,c.2050T>C,p.S684P,Pathogenic,,
FLT3,2559201,c.2502A>G,p.R834=,Pathogenic,,
FLT3,FLU007036,c.580G>A,p.V194M,Pathogenic,,
FLT3,1156027,c.580G>A,p.V194M,Pathogenic,,
FLT3,2802766,c.580G>A,p.V194M,Pathogenic,,
FLT3,PD6965a,c.1774G>A,p.V592I,Pathogenic,,
FLT3,2964921,c.1807T>C,p.W603R,Pathogenic,,
FLT3,TALL,c.9G>A,p.A3=,Pathogenic,,
FLT3,PD7827a,c.2343T>G,p.N781K,Pathogenic,,
FLT3,AML_142,c.2516A>G,p.D839G,Pathogenic,,
FLT3,PD10908a,c.2516A>G,p.D839G,Pathogenic,,
FLT3,TCGA-AB-2928-03,c.2516A>G,p.D839G,Pathogenic,,
FLT3,AML_274,c.2516A>G,p.D839G,Pathogenic,,
FLT3,S81777,c.2507T>G,p.I836S,Pathogenic,,
FLT3,104-021-Pre,c.600T>A,p.D200E,Pathogenic,,
FLT3,B-ALL_REL_317,c.2516A>G,p.D839G,Pathogenic,,
FLT3,AML_660,c.2516A>G,p.D839G,Pathogenic,,
FLT3,2307935,c.2516A>G,p.D839G,Pathogenic,,
FLT3,2879018,c.2516A>G,p.D839G,Pathogenic,,
FLT3,PD8570a,c.2516A>G,p.D839G,Pathogenic,,
FLT3,PD8151a,c.2516A>G,p.D839G,Pathogenic,,
FLT3,PD8362a,c.2516A>G,p.D839G,Pathogenic,,
FLT3,PD7774a,c.2516A>G,p.D839G,Pathogenic,,
FLT3,PAREJA,c.2516A>G,p.D839G,Pathogenic,,
FLT3,AML50,c.2516A>G,p.D839G,Pathogenic,,
FLT3,AML_516,c.2516A>G,p.D839G,Pathogenic,,
FLT3,2950625,c.2516A>G,p.D839G,Pathogenic,,
FLT3,AML_78,c.2516A>G,p.D839G,Pathogenic,,
FLT3,2307934,c.2516A>G,p.D839G,Pathogenic,,
FLT3,PD8335a,c.2516A>G,p.D839G,Pathogenic,,
FLT3,ID12,c.2516A>G,p.D839G,Pathogenic,,
FLT3,PD10867a,c.2516A>G,p.D839G,Pathogenic,,
FLT3,PD11073a,c.2516A>G,p.D839G,Pathogenic,,
FLT3,UPN027-DX,c.2516A>G,p.D839G,Pathogenic,,
FLT3,UT_INF_004,c.2524T>C,p.Y842H,Pathogenic,,
FLT3,B-ALL_REL_224,c.2524T>C,p.Y842H,Pathogenic,,
FLT3,SJBALL022593,c.2524T>C,p.Y842H,Pathogenic,,
FLT3,10-00694,c.20A>G,p.D7G,Pathogenic,,
FLT3,14-00315,c.20A>G,p.D7G,Pathogenic,,
FLT3,14-00226,c.20A>G,p.D7G,Pathogenic,,
FLT3,13-00448,c.20A>G,p.D7G,Pathogenic,,
FLT3,14-00389,c.20A>G,p.D7G,Pathogenic,,
FLT3,15-00399,c.20A>G,p.D7G,Pathogenic,,
FLT3,12-00390,c.20A>G,p.D7G,Pathogenic,,
FLT3,14-00316,c.20A>G,p.D7G,Pathogenic,,
FLT3,13-00443,c.20A>G,p.D7G,Pathogenic,,
FLT3,14-00754,c.20A>G,p.D7G,Pathogenic,,
FLT3,13-00577,c.20A>G,p.D7G,Pathogenic,,
FLT3,13-00462,c.20A>G,p.D7G,Pathogenic,,
FLT3,13-00441,c.20A>G,p.D7G,Pathogenic,,
FLT3,10533X04,c.784C>T,p.L262F,Pathogenic,,
FLT3,PD10967a,c.1331A>T,p.E444V,Pathogenic,,
FLT3,SJBALL031,c.1700A>T,p.K567I,Pathogenic,,
FLT3,PD8202a,c.1775T>C,p.V592A,Pathogenic,,
FLT3,997664,c.1775T>C,p.V592A,Pathogenic,,
FLT3,AML_406,c.1775T>C,p.V592A,Pathogenic,,
FLT3,PARBVI_R,c.1775T>C,p.V592A,Pathogenic,,
FLT3,AML_135,c.1775T>C,p.V592A,Pathogenic,,
FLT3,104-003,c.1775T>C,p.V592A,Pathogenic,,
FLT3,FLU016054,c.1788A>C,p.E596D,Pathogenic,,
FLT3,PAPHYM,c.1774G>T,p.V592F,Pathogenic,,
FLT3,TARGET-10-PARSZH-09A-01D,c.2510T>C,p.M837T,Pathogenic,,
FLT3,2934360,c.2546G>A,p.R849H,Pathogenic,,
FLT3,CTV1,c.2492G>A,p.G831E,Pathogenic,,
FLT3,1156035,c.2492G>A,p.G831E,Pathogenic,,
FLT3,B-ALL_REL_403,c.1733T>G,p.M578R,Pathogenic,,
FLT3,TCGA-AB-2910-03,c.2503G>C,p.D835H,Pathogenic,,
FLT3,PD7881a,c.2503G>C,p.D835H,Pathogenic,,
FLT3,PD7901a,c.2503G>C,p.D835H,Pathogenic,,
FLT3,998045,c.2503G>C,p.D835H,Pathogenic,,
FLT3,PD8282a,c.2503G>C,p.D835H,Pathogenic,,
FLT3,FLU009026,c.2503G>C,p.D835H,Pathogenic,,
FLT3,E24285,c.2503G>C,p.D835H,Pathogenic,,
FLT3,1147498,c.2503G>C,p.D835H,Pathogenic,,
FLT3,1147497,c.2503G>C,p.D835H,Pathogenic,,
FLT3,2531273,c.2503G>C,p.D835H,Pathogenic,,
FLT3,AML_23,c.2503G>C,p.D835H,Pathogenic,,
FLT3,E34666,c.2503G>C,p.D835H,Pathogenic,,
FLT3,2,c.2503G>C,p.D835H,Pathogenic,,
FLT3,2879016,c.2503G>C,p.D835H,Pathogenic,,
FLT3,16D,c.2503G>C,p.D835H,Pathogenic,,
FLT3,TCGA-AB-2969-03,c.2503G>C,p.D835H,Pathogenic,,
FLT3,2590401,c.2503G>C,p.D835H,Pathogenic,,
FLT3,2590351,c.2503G>C,p.D835H,Pathogenic,,
FLT3,2879017,c.2503G>C,p.D835H,Pathogenic,,
FLT3,2014_SWES_35_DX,c.2503G>C,p.D835H,Pathogenic,,
FLT3,SJAML061495_D1,c.2503G>C,p.D835H,Pathogenic,,
FLT3,1153046,c.2503G>C,p.D835H,Pathogenic,,
FLT3,996131,c.2503G>C,p.D835H,Pathogenic,,
FLT3,2531217,c.2503G>C,p.D835H,Pathogenic,,
FLT3,AML252T,c.2503G>C,p.D835H,Pathogenic,,
FLT3,B-ALL_REL_311,c.2503G>C,p.D835H,Pathogenic,,
FLT3,E34676,c.2503G>C,p.D835H,Pathogenic,,
FLT3,E31859,c.2503G>C,p.D835H,Pathogenic,,
FLT3,2590313,c.2503G>C,p.D835H,Pathogenic,,
FLT3,996613,c.2503G>C,p.D835H,Pathogenic,,
FLT3,L17,c.2503G>C,p.D835H,Pathogenic,,
FLT3,PD8412a,c.2503G>C,p.D835H,Pathogenic,,
FLT3,MI-AML-252,c.2503G>C,p.D835H,Pathogenic,,
FLT3,39R,c.2503G>C,p.D835H,Pathogenic,,
FLT3,cAL10,c.1270G>A,p.D424N,Pathogenic,,
FLT3,2559201,c.2503G>C,p.D835H,Pathogenic,,
FLT3,2955840,c.2503G>C,p.D835H,Pathogenic,,
FLT3,AML_482,c.2503G>C,p.D835H,Pathogenic,,
FLT3,2611135,c.1992G>T,p.M664I,Pathogenic,,
FLT3,2955839,c.2503G>C,p.D835H,Pathogenic,,
FLT3,2938807,c.2503G>C,p.D835H,Pathogenic,,
FLT3,2590498,c.2503G>C,p.D835H,Pathogenic,,
FLT3,AML_593,c.2503G>C,p.D835H,Pathogenic,,
FLT3,TARGET-20-PATAST-09A-01D,c.2503G>C,p.D835H,Pathogenic,,
FLT3,12-00394,c.2503G>C,p.D835H,Pathogenic,,
FLT3,1147567,c.2503G>C,p.D835H,Pathogenic,,
FLT3,H_KA-452198-0814719,c.2503G>C,p.D835H,Pathogenic,,
FLT3,2531274,c.2503G>C,p.D835H,Pathogenic,,
FLT3,E31860,c.2503G>C,p.D835H,Pathogenic,,
FLT3,1153045,c.2503G>C,p.D835H,Pathogenic,,
FLT3,PD8071a,c.1992G>T,p.M664I,Pathogenic,,
FLT3,PD10959a,c.1992G>T,p.M664I,Pathogenic,,
FLT3,PD7886a,c.2503G>C,p.D835H,Pathogenic,,
FLT3,DS10D,c.2503G>C,p.D835H,Pathogenic,,
FLT3,1066259,c.2503G>C,p.D835H,Pathogenic,,
FLT3,S81779,c.2503G>C,p.D835H,Pathogenic,,
FLT3,AML_232,c.2503G>C,p.D835H,Pathogenic,,
FLT3,1147566,c.2503G>C,p.D835H,Pathogenic,,
FLT3,SJAML073700_D1,c.2503G>C,p.D835H,Pathogenic,,
FLT3,MLL_96_073,c.1992G>T,p.M664I,Pathogenic,,
FLT3,AML_330,c.2503G>C,p.D835H,Pathogenic,,
FLT3,2531216,c.2503G>C,p.D835H,Pathogenic,,
FLT3,E23747,c.2503G>C,p.D835H,Pathogenic,,
FLT3,992360,c.2503G>C,p.D835H,Pathogenic,,
FLT3,2590399,c.2503G>C,p.D835H,Pathogenic,,
FLT3,TARGET-20-PARBFJ-09A-02D,c.2503G>C,p.D835H,Pathogenic,,
FLT3,PD8260a,c.2503G>C,p.D835H,Pathogenic,,
FLT3,PD8013a,c.2503G>C,p.D835H,Pathogenic,,
FLT3,1527617,c.2503G>C,p.D835H,Pathogenic,,
FLT3,993025,c.2503G>C,p.D835H,Pathogenic,,
FLT3,2590390,c.2503G>C,p.D835H,Pathogenic,,
FLT3,2531277,c.2503G>C,p.D835H,Pathogenic,,
FLT3,AML_425,c.2503G>C,p.D835H,Pathogenic,,
FLT3,MLL_96_064,c.2503G>C,p.D835H,Pathogenic,,
FLT3,AML_46,c.2503G>C,p.D835H,Pathogenic,,
FLT3,MLL_10_031,c.2503G>C,p.D835H,Pathogenic,,
FLT3,2531276,c.2503G>C,p.D835H,Pathogenic,,
FLT3,995725,c.2503G>C,p.D835H,Pathogenic,,
FLT3,AML_211,c.2503G>C,p.D835H,Pathogenic,,
FLT3,2590438,c.2503G>C,p.D835H,Pathogenic,,
FLT3,PD10850a,c.2503G>C,p.D835H,Pathogenic,,
FLT3,993023,c.2503G>C,p.D835H,Pathogenic,,
FLT3,PD8580a,c.2503G>C,p.D835H,Pathogenic,,
FLT3,996612,c.2503G>C,p.D835H,Pathogenic,,
FLT3,2590358,c.2503G>C,p.D835H,Pathogenic,,
FLT3,1527614,c.2503G>C,p.D835H,Pathogenic,,
FLT3,2949962,c.2503G>C,p.D835H,Pathogenic,,
FLT3,SJCBF176,c.2503G>C,p.D835H,Pathogenic,,
FLT3,2590437,c.2503G>C,p.D835H,Pathogenic,,
FLT3,993022,c.2503G>C,p.D835H,Pathogenic,,
FLT3,PD8235a,c.2503G>C,p.D835H,Pathogenic,,
FLT3,PD8137a,c.2503G>C,p.D835H,Pathogenic,,
FLT3,AML_134,c.2503G>C,p.D835H,Pathogenic,,
FLT3,2531281,c.2503G>C,p.D835H,Pathogenic,,
FLT3,996125,c.2503G>C,p.D835H,Pathogenic,,
FLT3,AML_101,c.2503G>C,p.D835H,Pathogenic,,
FLT3,2938788,c.2503G>C,p.D835H,Pathogenic,,
FLT3,2531279,c.2503G>C,p.D835H,Pathogenic,,
FLT3,AML_564,c.2503G>C,p.D835H,Pathogenic,,
FLT3,PD10886a,c.2503G>C,p.D835H,Pathogenic,,
FLT3,998046,c.2503G>C,p.D835H,Pathogenic,,
FLT3,2321298,c.2971G>A,p.E991K,Pathogenic,,
FLT3,E30356,c.2503G>C,p.D835H,Pathogenic,,
FLT3,2950774,c.1727T>A,p.L576Q,Pathogenic,,
FLT3,2950772,c.1727T>A,p.L576Q,Pathogenic,,
FLT3,1874335,c.1727T>A,p.L576Q,Pathogenic,,
FLT3,MI-AML-263,c.1771T>C,p.Y591H,Pathogenic,,
FLT3,SJHYPER129,c.1727T>A,p.L576Q,Pathogenic,,
FLT3,2931047,c.2517T>A,p.D839E,Pathogenic,,
FLT3,PD6215a,c.871G>C,p.A291P,Pathogenic,,
FLT3,PD10819a,c.2517T>A,p.D839E,Pathogenic,,
FLT3,PD8413a,c.2566G>T,p.A856S,Pathogenic,,
FLT3,2590402,c.2521A>T,p.N841Y,Pathogenic,,
FLT3,P3,c.1762G>A,p.E588K,Pathogenic,,
FLT3,2590469,c.2521A>T,p.N841Y,Pathogenic,,
FLT3,AML_24,c.2521A>T,p.N841Y,Pathogenic,,
FLT3,2531221,c.2503G>T,p.D835Y,Pathogenic,,
FLT3,992353,c.2503G>T,p.D835Y,Pathogenic,,
FLT3,992359,c.2504A>T,p.D835V,Pathogenic,,
FLT3,1147500,c.2503G>T,p.D835Y,Pathogenic,,
FLT3,E23745,c.2503G>T,p.D835Y,Pathogenic,,
FLT3,995754,c.2503G>T,p.D835Y,Pathogenic,,
FLT3,2898922,c.2503G>T,p.D835Y,Pathogenic,,
FLT3,992283,c.2503G>T,p.D835Y,Pathogenic,,
FLT3,1058914,c.2504A>T,p.D835V,Pathogenic,,
FLT3,E32041,c.2503G>T,p.D835Y,Pathogenic,,
FLT3,E32636,c.2503G>T,p.D835Y,Pathogenic,,
FLT3,AML_513,c.2503G>T,p.D835Y,Pathogenic,,
FLT3,1146139,c.2503G>T,p.D835Y,Pathogenic,,
FLT3,992141,c.2503G>T,p.D835Y,Pathogenic,,
FLT3,1147494,c.2503G>T,p.D835Y,Pathogenic,,
FLT3,E32635,c.2503G>T,p.D835Y,Pathogenic,,
FLT3,AML_291,c.2503G>T,p.D835Y,Pathogenic,,
FLT3,AML_54,c.2503G>T,p.D835Y,Pathogenic,,
FLT3,AML_136,c.2503G>T,p.D835Y,Pathogenic,,
FLT3,AML_277,c.2503G>T,p.D835Y,Pathogenic,,
FLT3,1153013,c.2503G>T,p.D835Y,Pathogenic,,
FLT3,1147562,c.2503G>T,p.D835Y,Pathogenic,,
FLT3,996123,c.2503G>T,p.D835Y,Pathogenic,,
FLT3,1201259,c.2503G>T,p.D835Y,Pathogenic,,
FLT3,2938622,c.2503G>T,p.D835Y,Pathogenic,,
FLT3,1863611,c.2073T>G,p.F691L,Pathogenic,,
FLT3,992354,c.2503G>T,p.D835Y,Pathogenic,,
FLT3,998020,c.2504A>T,p.D835V,Pathogenic,,
FLT3,TARGET-10-PAPAGK-09A-01D,c.2504A>T,p.D835V,Pathogenic,,
FLT3,PD17966a,c.2504A>T,p.D835V,Pathogenic,,
FLT3,998024,c.2503G>T,p.D835Y,Pathogenic,,
FLT3,P15_R,c.2503G>T,p.D835Y,Pathogenic,,
FLT3,SJAML016583_D1_G1,c.2503G>T,p.D835Y,Pathogenic,,
FLT3,2590386,c.2503G>T,p.D835Y,Pathogenic,,
FLT3,1155591,c.2504A>T,p.D835V,Pathogenic,,
FLT3,1308629,c.2503G>T,p.D835Y,Pathogenic,,
FLT3,1155593,c.2504A>T,p.D835V,Pathogenic,,
FLT3,SJAML016535_D1_G1,c.2503G>T,p.D835Y,Pathogenic,,
FLT3,41D,c.2503G>T,p.D835Y,Pathogenic,,
FLT3,PD8286a,c.2503G>T,p.D835Y,Pathogenic,,
FLT3,PD7614a,c.2504A>T,p.D835V,Pathogenic,,
FLT3,1308793,c.2504A>T,p.D835V,Pathogenic,,
FLT3,AML_93,c.2503G>T,p.D835Y,Pathogenic,,
FLT3,201-020-Progressive,c.2503G>T,p.D835Y,Pathogenic,,
FLT3,AML_428,c.2503G>T,p.D835Y,Pathogenic,,
FLT3,E32634,c.2503G>T,p.D835Y,Pathogenic,,
FLT3,AML_416,c.2503G>T,p.D835Y,Pathogenic,,
FLT3,2531281,c.2503G>T,p.D835Y,Pathogenic,,
FLT3,2531281,c.2073T>G,p.F691L,Pathogenic,,
FLT3,SJAML073673_D1,c.2503G>T,p.D835Y,Pathogenic,,
FLT3,1153011,c.2503G>T,p.D835Y,Pathogenic,,
FLT3,1146141,c.2504A>T,p.D835V,Pathogenic,,
FLT3,1863619,c.2073T>G,p.F691L,Pathogenic,,
FLT3,995739,c.2504A>T,p.D835V,Pathogenic,,
FLT3,1201257,c.2503G>T,p.D835Y,Pathogenic,,
FLT3,1153034,c.2503G>T,p.D835Y,Pathogenic,,
FLT3,992356,c.2503G>T,p.D835Y,Pathogenic,,
FLT3,MLL_10_008,c.2504A>T,p.D835V,Pathogenic,,
FLT3,1695995,c.2503G>T,p.D835Y,Pathogenic,,
FLT3,1153035,c.2503G>T,p.D835Y,Pathogenic,,
FLT3,E32633,c.2503G>T,p.D835Y,Pathogenic,,
FLT3,1863607,c.2503G>T,p.D835Y,Pathogenic,,
FLT3,2531279,c.2503G>T,p.D835Y,Pathogenic,,
FLT3,2531279,c.2073T>G,p.F691L,Pathogenic,,
FLT3,AML_511,c.2503G>T,p.D835Y,Pathogenic,,
FLT3,1061185,c.2503G>T,p.D835Y,Pathogenic,,
FLT3,1153018,c.2503G>T,p.D835Y,Pathogenic,,
FLT3,E34669,c.2503G>T,p.D835Y,Pathogenic,,
FLT3,E32474,c.2503G>T,p.D835Y,Pathogenic,,
FLT3,991975,c.2503G>T,p.D835Y,Pathogenic,,
FLT3,2780594,c.2503G>T,p.D835Y,Pathogenic,,
FLT3,2780736,c.2503G>T,p.D835Y,Pathogenic,,
FLT3,1146135,c.2503G>T,p.D835Y,Pathogenic,,
FLT3,T03,c.2503G>T,p.D835Y,Pathogenic,,
FLT3,2735943,c.2503G>T,p.D835Y,Pathogenic,,
FLT3,993967,c.2503G>T,p.D835Y,Pathogenic,,
FLT3,992284,c.2503G>T,p.D835Y,Pathogenic,,
FLT3,993026,c.2503G>T,p.D835Y,Pathogenic,,
FLT3,PD8203a,c.2503G>T,p.D835Y,Pathogenic,,
FLT3,PD7851a,c.2504A>T,p.D835V,Pathogenic,,
FLT3,PD7830a,c.2503G>T,p.D835Y,Pathogenic,,
FLT3,1148621,c.2503G>T,p.D835Y,Pathogenic,,
FLT3,2590400,c.2503G>T,p.D835Y,Pathogenic,,
FLT3,PD7974a,c.2503G>T,p.D835Y,Pathogenic,,
FLT3,FLU016063,c.2503G>T,p.D835Y,Pathogenic,,
FLT3,PD7787a,c.2504A>T,p.D835V,Pathogenic,,
FLT3,996609,c.2503G>T,p.D835Y,Pathogenic,,
FLT3,71D,c.2503G>T,p.D835Y,Pathogenic,,
FLT3,PD10957a,c.2503G>T,p.D835Y,Pathogenic,,
FLT3,1302225,c.2503G>T,p.D835Y,Pathogenic,,
FLT3,SJERG020308_D1,c.2503G>T,p.D835Y,Pathogenic,,
FLT3,SJBALL043704,c.2503G>T,p.D835Y,Pathogenic,,
FLT3,PD7732a,c.2503G>T,p.D835Y,Pathogenic,,
FLT3,PD17937c,c.2503G>T,p.D835Y,Pathogenic,,
FLT3,2590402,c.2504A>T,p.D835V,Pathogenic,,
FLT3,PD7730a,c.2503G>T,p.D835Y,Pathogenic,,
FLT3,998033,c.2503G>T,p.D835Y,Pathogenic,,
FLT3,PD10995a,c.2503G>T,p.D835Y,Pathogenic,,
FLT3,PD10995a,c.2504A>T,p.D835V,Pathogenic,,
FLT3,1155599,c.2504A>T,p.D835V,Pathogenic,,
FLT3,998031,c.2503G>T,p.D835Y,Pathogenic,,
FLT3,pros_07_dx,c.2503G>T,p.D835Y,Pathogenic,,
FLT3,CN-AML-47-T,c.2503G>T,p.D835Y,Pathogenic,,
FLT3,SNUH_G06_S1,c.2504A>T,p.D835V,Pathogenic,,
FLT3,2559201,c.2503G>T,p.D835Y,Pathogenic,,
FLT3,2531201,c.2073T>G,p.F691L,Pathogenic,,
FLT3,PD7805a,c.2503G>T,p.D835Y,Pathogenic,,
FLT3,15-00462,c.2504A>T,p.D835V,Pathogenic,,
FLT3,1163049,c.2504A>T,p.D835V,Pathogenic,,
FLT3,181D,c.2503G>T,p.D835Y,Pathogenic,,
FLT3,27D,c.2504A>T,p.D835V,Pathogenic,,
FLT3,FLU006055,c.2504A>T,p.D835V,Pathogenic,,
FLT3,1527615,c.2503G>T,p.D835Y,Pathogenic,,
FLT3,PD8388a,c.2504A>T,p.D835V,Pathogenic,,
FLT3,1308627,c.2503G>T,p.D835Y,Pathogenic,,
FLT3,2590315,c.2504A>T,p.D835V,Pathogenic,,
FLT3,2590421,c.2503G>T,p.D835Y,Pathogenic,,
FLT3,E32393,c.2503G>T,p.D835Y,Pathogenic,,
FLT3,CN-AML-CR-51-Dx,c.2504A>T,p.D835V,Pathogenic,,
FLT3,CN-AML-CR-34-Dx,c.2503G>T,p.D835Y,Pathogenic,,
FLT3,E24283,c.2503G>T,p.D835Y,Pathogenic,,
FLT3,1147564,c.2503G>T,p.D835Y,Pathogenic,,
FLT3,1153029,c.2503G>T,p.D835Y,Pathogenic,,
FLT3,2559197,c.2503G>T,p.D835Y,Pathogenic,,
FLT3,2938616,c.2503G>T,p.D835Y,Pathogenic,,
FLT3,1061182,c.2503G>T,p.D835Y,Pathogenic,,
FLT3,992285,c.2503G>T,p.D835Y,Pathogenic,,
FLT3,E32473,c.2503G>T,p.D835Y,Pathogenic,,
FLT3,2949960,c.2504A>T,p.D835V,Pathogenic,,
FLT3,1153020,c.2503G>T,p.D835Y,Pathogenic,,
FLT3,995733,c.2503G>T,p.D835Y,Pathogenic,,
FLT3,995740,c.2504A>T,p.D835V,Pathogenic,,
FLT3,2938787,c.2504A>T,p.D835V,Pathogenic,,
FLT3,2938740,c.2503G>T,p.D835Y,Pathogenic,,
FLT3,E34673,c.2503G>T,p.D835Y,Pathogenic,,
FLT3,E32043,c.2503G>T,p.D835Y,Pathogenic,,
FLT3,1153017,c.2503G>T,p.D835Y,Pathogenic,,
FLT3,SJTALL011,c.2503G>T,p.D835Y,Pathogenic,,
FLT3,AML_440,c.2503G>T,p.D835Y,Pathogenic,,
FLT3,992043,c.2503G>T,p.D835Y,Pathogenic,,
FLT3,2780596,c.2503G>T,p.D835Y,Pathogenic,,
FLT3,2780645,c.2503G>T,p.D835Y,Pathogenic,,
FLT3,AML_361,c.2503G>T,p.D835Y,Pathogenic,,
FLT3,PAEEYP_Dx,c.2503G>T,p.D835Y,Pathogenic,,
FLT3,TCGA-AB-2811-03,c.2503G>T,p.D835Y,Pathogenic,,
FLT3,PD7815a,c.2504A>T,p.D835V,Pathogenic,,
FLT3,PD8116a,c.2503G>T,p.D835Y,Pathogenic,,
FLT3,UH153,c.2503G>T,p.D835Y,Pathogenic,,
FLT3,FLU006008,c.2503G>T,p.D835Y,Pathogenic,,
FLT3,1527609,c.2504A>T,p.D835V,Pathogenic,,
FLT3,969116,c.2503G>T,p.D835Y,Pathogenic,,
FLT3,1308631,c.2503G>T,p.D835Y,Pathogenic,,
FLT3,1163051,c.2504A>T,p.D835V,Pathogenic,,
FLT3,1527613,c.2503G>T,p.D835Y,Pathogenic,,
FLT3,PD7639a,c.2503G>T,p.D835Y,Pathogenic,,
FLT3,PD7639a,c.2504A>T,p.D835V,Pathogenic,,
FLT3,2590422,c.2503G>T,p.D835Y,Pathogenic,,
FLT3,PD8137a,c.2503G>T,p.D835Y,Pathogenic,,
FLT3,PD8137a,c.2504A>T,p.D835V,Pathogenic,,
FLT3,1069497,c.2503G>T,p.D835Y,Pathogenic,,
FLT3,993029,c.2503G>T,p.D835Y,Pathogenic,,
FLT3,998044,c.2504A>T,p.D835V,Pathogenic,,
FLT3,996610,c.2504A>T,p.D835V,Pathogenic,,
FLT3,2590461,c.2504A>T,p.D835V,Pathogenic,,
FLT3,998030,c.2503G>T,p.D835Y,Pathogenic,,
FLT3,2538802,c.2503G>T,p.D835Y,Pathogenic,,
FLT3,FLU008088,c.2503G>T,p.D835Y,Pathogenic,,
FLT3,TARGET-20-PANVGE-09A-02D,c.2503G>T,p.D835Y,Pathogenic,,
FLT3,PD7935a,c.2503G>T,p.D835Y,Pathogenic,,
FLT3,E24282,c.2503G>T,p.D835Y,Pathogenic,,
FLT3,PD8319a,c.2503G>T,p.D835Y,Pathogenic,,
FLT3,E17874,c.2503G>T,p.D835Y,Pathogenic,,
FLT3,PD11124a,c.2503G>T,p.D835Y,Pathogenic,,
FLT3,TCGA-AB-2851-03,c.2503G>T,p.D835Y,Pathogenic,,
FLT3,UH288,c.2503G>T,p.D835Y,Pathogenic,,
FLT3,PD7950a,c.2503G>T,p.D835Y,Pathogenic,,
FLT3,PD8075a,c.2503G>T,p.D835Y,Pathogenic,,
FLT3,993027,c.2503G>T,p.D835Y,Pathogenic,,
FLT3,PD9226a,c.2504A>T,p.D835V,Pathogenic,,
FLT3,25,c.2503G>T,p.D835Y,Pathogenic,,
FLT3,PD10940a,c.2503G>T,p.D835Y,Pathogenic,,
FLT3,2590408,c.2503G>T,p.D835Y,Pathogenic,,
FLT3,SJBALL043753,c.2503G>T,p.D835Y,Pathogenic,,
FLT3,SJBALL022603,c.2503G>T,p.D835Y,Pathogenic,,
FLT3,TCGA-AB-2974-03,c.2503G>T,p.D835Y,Pathogenic,,
FLT3,PD10847a,c.2503G>T,p.D835Y,Pathogenic,,
FLT3,998025,c.2503G>T,p.D835Y,Pathogenic,,
FLT3,TCGA-AB-2816-03,c.2503G>T,p.D835Y,Pathogenic,,
FLT3,2928304,c.2503G>T,p.D835Y,Pathogenic,,
FLT3,PD8033a,c.2503G>T,p.D835Y,Pathogenic,,
FLT3,PD7922a,c.2503G>T,p.D835Y,Pathogenic,,
FLT3,2590440,c.2503G>T,p.D835Y,Pathogenic,,
FLT3,FLU013050,c.2503G>T,p.D835Y,Pathogenic,,
FLT3,1155600,c.2504A>T,p.D835V,Pathogenic,,
FLT3,1155594,c.2504A>T,p.D835V,Pathogenic,,
FLT3,SJCBF164,c.2504A>T,p.D835V,Pathogenic,,
FLT3,2014_SWES_06_DX,c.2504A>T,p.D835V,Pathogenic,,
FLT3,E24284,c.2503G>T,p.D835Y,Pathogenic,,
FLT3,CN-AML-01-T,c.2504A>T,p.D835V,Pathogenic,,
FLT3,996127,c.2503G>T,p.D835Y,Pathogenic,,
FLT3,992148,c.2504A>T,p.D835V,Pathogenic,,
FLT3,2938557,c.2503G>T,p.D835Y,Pathogenic,,
FLT3,992151,c.2503G>T,p.D835Y,Pathogenic,,
FLT3,2780617,c.2503G>T,p.D835Y,Pathogenic,,
FLT3,1153021,c.2503G>T,p.D835Y,Pathogenic,,
FLT3,2531203,c.2503G>T,p.D835Y,Pathogenic,,
FLT3,1201256,c.2503G>T,p.D835Y,Pathogenic,,
FLT3,E32475,c.2503G>T,p.D835Y,Pathogenic,,
FLT3,AML_620,c.2503G>T,p.D835Y,Pathogenic,,
FLT3,1153023,c.2503G>T,p.D835Y,Pathogenic,,
FLT3,AML_66,c.2503G>T,p.D835Y,Pathogenic,,
FLT3,AML_417,c.2504A>T,p.D835V,Pathogenic,,
FLT3,991980,c.2503G>T,p.D835Y,Pathogenic,,
FLT3,FLU007019,c.2503G>T,p.D835Y,Pathogenic,,
FLT3,SJERG014,c.2503G>T,p.D835Y,Pathogenic,,
FLT3,PD7965a,c.2503G>T,p.D835Y,Pathogenic,,
FLT3,PD8445a,c.2503G>T,p.D835Y,Pathogenic,,
FLT3,PD8024a,c.2503G>T,p.D835Y,Pathogenic,,
FLT3,SJCBF190,c.2503G>T,p.D835Y,Pathogenic,,
FLT3,DS3R,c.2504A>T,p.D835V,Pathogenic,,
FLT3,998036,c.2503G>T,p.D835Y,Pathogenic,,
FLT3,2590385,c.2504A>T,p.D835V,Pathogenic,,
FLT3,2590469,c.2503G>T,p.D835Y,Pathogenic,,
FLT3,PD17934b,c.2503G>T,p.D835Y,Pathogenic,,
FLT3,PD7901a,c.2503G>T,p.D835Y,Pathogenic,,
FLT3,MI-AML-147,c.2503G>T,p.D835Y,Pathogenic,,
FLT3,2590363,c.2504A>T,p.D835V,Pathogenic,,
FLT3,SJAML016562_D1_G1,c.2503G>T,p.D835Y,Pathogenic,,
FLT3,993024,c.2503G>T,p.D835Y,Pathogenic,,
FLT3,PD7993a,c.2503G>T,p.D835Y,Pathogenic,,
FLT3,PD10984a,c.2503G>T,p.D835Y,Pathogenic,,
FLT3,1309739,c.2503G>T,p.D835Y,Pathogenic,,
FLT3,1155592,c.2504A>T,p.D835V,Pathogenic,,
FLT3,SJAML044835_D1_G1,c.2503G>T,p.D835Y,Pathogenic,,
FLT3,2611127,c.2504A>T,p.D835V,Pathogenic,,
FLT3,2580925,c.2503G>T,p.D835Y,Pathogenic,,
FLT3,1147565,c.2503G>T,p.D835Y,Pathogenic,,
FLT3,2557975,c.2503G>T,p.D835Y,Pathogenic,,
FLT3,2581253,c.2503G>T,p.D835Y,Pathogenic,,
FLT3,995746,c.2503G>T,p.D835Y,Pathogenic,,
FLT3,995736,c.2503G>T,p.D835Y,Pathogenic,,
FLT3,PAPAGK_D,c.2504A>T,p.D835V,Pathogenic,,
FLT3,1147493,c.2503G>T,p.D835Y,Pathogenic,,
FLT3,PD8107a,c.2504A>T,p.D835V,Pathogenic,,
FLT3,2590314,c.2503G>T,p.D835Y,Pathogenic,,
FLT3,1155595,c.2504A>T,p.D835V,Pathogenic,,
FLT3,1155598,c.2504A>T,p.D835V,Pathogenic,,
FLT3,996611,c.2504A>T,p.D835V,Pathogenic,,
FLT3,PD9287a,c.2503G>T,p.D835Y,Pathogenic,,
FLT3,SJBALL020764,c.2503G>T,p.D835Y,Pathogenic,,
FLT3,PD8086a,c.2503G>T,p.D835Y,Pathogenic,,
FLT3,2879013,c.2503G>T,p.D835Y,Pathogenic,,
FLT3,PD8477a,c.2504A>T,p.D835V,Pathogenic,,
FLT3,TCGA-AB-2818-03,c.2503G>T,p.D835Y,Pathogenic,,
FLT3,PD10923a,c.2504A>T,p.D835V,Pathogenic,,
FLT3,1527612,c.2503G>T,p.D835Y,Pathogenic,,
FLT3,1060815,c.2503G>T,p.D835Y,Pathogenic,,
FLT3,BIA-ALCL_16,c.2920C>T,p.P974S,Pathogenic,,
FLT3,100D,c.2503G>T,p.D835Y,Pathogenic,,
FLT3,PD9223a,c.2503G>T,p.D835Y,Pathogenic,,
FLT3,1060814,c.2503G>T,p.D835Y,Pathogenic,,
FLT3,2879015,c.2503G>T,p.D835Y,Pathogenic,,
FLT3,1148618,c.2503G>T,p.D835Y,Pathogenic,,
FLT3,PD8079a,c.2503G>T,p.D835Y,Pathogenic,,
FLT3,2928299,c.2503G>T,p.D835Y,Pathogenic,,
FLT3,PD8006a,c.2504A>T,p.D835V,Pathogenic,,
FLT3,S81774,c.2503G>T,p.D835Y,Pathogenic,,
FLT3,2590441,c.2503G>T,p.D835Y,Pathogenic,,
FLT3,2538840,c.2503G>T,p.D835Y,Pathogenic,,
FLT3,PD7959a,c.2503G>T,p.D835Y,Pathogenic,,
FLT3,PAPAGK,c.2504A>T,p.D835V,Pathogenic,,
FLT3,PD8474a,c.2503G>T,p.D835Y,Pathogenic,,
FLT3,1528859,c.2503G>T,p.D835Y,Pathogenic,,
FLT3,1153033,c.2503G>T,p.D835Y,Pathogenic,,
FLT3,AML_469,c.2503G>T,p.D835Y,Pathogenic,,
FLT3,992282,c.2503G>T,p.D835Y,Pathogenic,,
FLT3,1201262,c.2503G>T,p.D835Y,Pathogenic,,
FLT3,1153024,c.2503G>T,p.D835Y,Pathogenic,,
FLT3,E31854,c.2503G>T,p.D835Y,Pathogenic,,
FLT3,SJAML045737_D2,c.2504A>T,p.D835V,Pathogenic,,
FLT3,In-4,c.2504A>T,p.D835V,Pathogenic,,
FLT3,2843903,c.2503G>T,p.D835Y,Pathogenic,,
FLT3,1146138,c.2503G>T,p.D835Y,Pathogenic,,
FLT3,1863613,c.2503G>T,p.D835Y,Pathogenic,,
FLT3,2559198,c.2503G>T,p.D835Y,Pathogenic,,
FLT3,AML_87,c.2503G>T,p.D835Y,Pathogenic,,
FLT3,2780646,c.2503G>T,p.D835Y,Pathogenic,,
FLT3,1153025,c.2503G>T,p.D835Y,Pathogenic,,
FLT3,2531209,c.2503G>T,p.D835Y,Pathogenic,,
FLT3,1153016,c.2503G>T,p.D835Y,Pathogenic,,
FLT3,995735,c.2503G>T,p.D835Y,Pathogenic,,
FLT3,1153012,c.2503G>T,p.D835Y,Pathogenic,,
FLT3,998034,c.2503G>T,p.D835Y,Pathogenic,,
FLT3,1062018,c.2504A>T,p.D835V,Pathogenic,,
FLT3,TCGA-AB-2963-03,c.2503G>T,p.D835Y,Pathogenic,,
FLT3,996608,c.2503G>T,p.D835Y,Pathogenic,,
FLT3,PD10918a,c.2503G>T,p.D835Y,Pathogenic,,
FLT3,2735953,c.2503G>T,p.D835Y,Pathogenic,,
FLT3,AML_295,c.2504A>T,p.D835V,Pathogenic,,
FLT3,1863609,c.2503G>T,p.D835Y,Pathogenic,,
FLT3,1863609,c.2504A>T,p.D835V,Pathogenic,,
FLT3,1863609,c.2073T>G,p.F691L,Pathogenic,,
FLT3,2559199,c.2503G>T,p.D835Y,Pathogenic,,
FLT3,1146140,c.2503G>T,p.D835Y,Pathogenic,,
FLT3,2949958,c.2504A>T,p.D835V,Pathogenic,,
FLT3,2590543,c.2504A>T,p.D835V,Pathogenic,,
FLT3,1146136,c.2503G>T,p.D835Y,Pathogenic,,
FLT3,AML_75,c.2503G>T,p.D835Y,Pathogenic,,
FLT3,992358,c.2504A>T,p.D835V,Pathogenic,,
FLT3,1201260,c.2503G>T,p.D835Y,Pathogenic,,
FLT3,1201263,c.2503G>T,p.D835Y,Pathogenic,,
FLT3,995743,c.2503G>T,p.D835Y,Pathogenic,,
FLT3,995723,c.2503G>T,p.D835Y,Pathogenic,,
FLT3,1201255,c.2503G>T,p.D835Y,Pathogenic,,
FLT3,P1,c.2503G>T,p.D835Y,Pathogenic,,
FLT3,TCGA-AB-2947-03,c.2503G>T,p.D835Y,Pathogenic,,
FLT3,E32395,c.2503G>T,p.D835Y,Pathogenic,,
FLT3,TCGA-AB-2924-03,c.2503G>T,p.D835Y,Pathogenic,,
FLT3,236D,c.2503G>T,p.D835Y,Pathogenic,,
FLT3,1309741,c.2503G>T,p.D835Y,Pathogenic,,
FLT3,PD8512a,c.2503G>T,p.D835Y,Pathogenic,,
FLT3,1524399,c.2503G>T,p.D835Y,Pathogenic,,
FLT3,PD7821a,c.2503G>T,p.D835Y,Pathogenic,,
FLT3,28D,c.2503G>T,p.D835Y,Pathogenic,,
FLT3,SJTALL187,c.2503G>T,p.D835Y,Pathogenic,,
FLT3,49D,c.2504A>T,p.D835V,Pathogenic,,
FLT3,PD7610a,c.2503G>T,p.D835Y,Pathogenic,,
FLT3,998023,c.2503G>T,p.D835Y,Pathogenic,,
FLT3,8,c.2503G>T,p.D835Y,Pathogenic,,
FLT3,1163080,c.2504A>T,p.D835V,Pathogenic,,
FLT3,E17883,c.2503G>T,p.D835Y,Pathogenic,,
FLT3,998028,c.2503G>T,p.D835Y,Pathogenic,,
FLT3,998029,c.2503G>T,p.D835Y,Pathogenic,,
FLT3,PD8466a,c.2503G>T,p.D835Y,Pathogenic,,
FLT3,DS3D,c.2504A>T,p.D835V,Pathogenic,,
FLT3,2950617,c.2503G>T,p.D835Y,Pathogenic,,
FLT3,2538856,c.2503G>T,p.D835Y,Pathogenic,,
FLT3,998026,c.2503G>T,p.D835Y,Pathogenic,,
FLT3,PD8379a,c.2503G>T,p.D835Y,Pathogenic,,
FLT3,E24281,c.2503G>T,p.D835Y,Pathogenic,,
FLT3,CN-AML-06-T,c.2503G>T,p.D835Y,Pathogenic,,
FLT3,992042,c.2503G>T,p.D835Y,Pathogenic,,
FLT3,MLL_96_010,c.2503G>T,p.D835Y,Pathogenic,,
FLT3,AML_128,c.2503G>T,p.D835Y,Pathogenic,,
FLT3,1153026,c.2503G>T,p.D835Y,Pathogenic,,
FLT3,2949959,c.2504A>T,p.D835V,Pathogenic,,
FLT3,992145,c.2503G>T,p.D835Y,Pathogenic,,
FLT3,995731,c.2503G>T,p.D835Y,Pathogenic,,
FLT3,AML_586,c.2503G>T,p.D835Y,Pathogenic,,
FLT3,AML_22,c.2503G>T,p.D835Y,Pathogenic,,
FLT3,1201265,c.2503G>T,p.D835Y,Pathogenic,,
FLT3,1153015,c.2503G>T,p.D835Y,Pathogenic,,
FLT3,E32042,c.2503G>T,p.D835Y,Pathogenic,,
FLT3,2938677,c.2504A>T,p.D835V,Pathogenic,,
FLT3,1153022,c.2503G>T,p.D835Y,Pathogenic,,
FLT3,E23746,c.2504A>T,p.D835V,Pathogenic,,
FLT3,2810109,c.2503G>T,p.D835Y,Pathogenic,,
FLT3,1216721,c.2503G>T,p.D835Y,Pathogenic,,
FLT3,E34678,c.2504A>T,p.D835V,Pathogenic,,
FLT3,1153030,c.2503G>T,p.D835Y,Pathogenic,,
FLT3,1863605,c.2503G>T,p.D835Y,Pathogenic,,
FLT3,1863605,c.2504A>T,p.D835V,Pathogenic,,
FLT3,1146137,c.2503G>T,p.D835Y,Pathogenic,,
FLT3,1863617,c.2503G>T,p.D835Y,Pathogenic,,
FLT3,995742,c.2503G>T,p.D835Y,Pathogenic,,
FLT3,AML_88,c.2503G>T,p.D835Y,Pathogenic,,
FLT3,9906_111,c.2503G>T,p.D835Y,Pathogenic,,
FLT3,MLL_96_031,c.2503G>T,p.D835Y,Pathogenic,,
FLT3,1153032,c.2503G>T,p.D835Y,Pathogenic,,
FLT3,1216638,c.2503G>T,p.D835Y,Pathogenic,,
FLT3,2898925,c.2503G>T,p.D835Y,Pathogenic,,
FLT3,992147,c.2503G>T,p.D835Y,Pathogenic,,
FLT3,E32044,c.2503G>T,p.D835Y,Pathogenic,,
FLT3,MI-AML-217,c.2503G>T,p.D835Y,Pathogenic,,
FLT3,P5,c.2503G>T,p.D835Y,Pathogenic,,
FLT3,PD7903a,c.2503G>T,p.D835Y,Pathogenic,,
FLT3,PD7618a,c.2503G>T,p.D835Y,Pathogenic,,
FLT3,2538849,c.2503G>T,p.D835Y,Pathogenic,,
FLT3,1308630,c.2503G>T,p.D835Y,Pathogenic,,
FLT3,1155601,c.2504A>T,p.D835V,Pathogenic,,
FLT3,998027,c.2503G>T,p.D835Y,Pathogenic,,
FLT3,998018,c.2503G>T,p.D835Y,Pathogenic,,
FLT3,P15_D,c.2503G>T,p.D835Y,Pathogenic,,
FLT3,AML3,c.2503G>T,p.D835Y,Pathogenic,,
FLT3,SJTALL011,c.2503G>T,p.D835Y,Pathogenic,,
FLT3,1155597,c.2504A>T,p.D835V,Pathogenic,,
FLT3,260D,c.2503G>T,p.D835Y,Pathogenic,,
FLT3,1155596,c.2504A>T,p.D835V,Pathogenic,,
FLT3,1062001,c.2504A>T,p.D835V,Pathogenic,,
FLT3,TCGA-AB-2900-03,c.2503G>T,p.D835Y,Pathogenic,,
FLT3,82D,c.2504A>T,p.D835V,Pathogenic,,
FLT3,PD9197a,c.2504A>T,p.D835V,Pathogenic,,
FLT3,PD7682a,c.2503G>T,p.D835Y,Pathogenic,,
FLT3,PD8070a,c.2504A>T,p.D835V,Pathogenic,,
FLT3,FLU017057,c.2503G>T,p.D835Y,Pathogenic,,
FLT3,60D,c.2503G>T,p.D835Y,Pathogenic,,
FLT3,UPN019-REL,c.2503G>T,p.D835Y,Pathogenic,,
FLT3,UPN019-REL,c.2504A>T,p.D835V,Pathogenic,,
FLT3,E7,c.2503G>T,p.D835Y,Pathogenic,,
FLT3,PD7928a,c.2504A>T,p.D835V,Pathogenic,,
FLT3,998218,c.2504A>T,p.D835V,Pathogenic,,
FLT3,15445,c.2504A>T,p.D835V,Pathogenic,,
FLT3,998032,c.2503G>T,p.D835Y,Pathogenic,,
FLT3,PD8206a,c.2504A>T,p.D835V,Pathogenic,,
FLT3,1163048,c.2504A>T,p.D835V,Pathogenic,,
FLT3,PD9380a,c.2503G>T,p.D835Y,Pathogenic,,
FLT3,E17884,c.2503G>T,p.D835Y,Pathogenic,,
FLT3,CN-AML-NR-01-Dx,c.2504A>T,p.D835V,Pathogenic,,
FLT3,CN-AML-NR-47-Dx,c.2503G>T,p.D835Y,Pathogenic,,
FLT3,AML_587,c.2503G>T,p.D835Y,Pathogenic,,
FLT3,AML_587,c.2504A>T,p.D835V,Pathogenic,,
FLT3,992146,c.2503G>T,p.D835Y,Pathogenic,,
FLT3,AML_362,c.2503G>T,p.D835Y,Pathogenic,,
FLT3,2955867,c.2504A>T,p.D835V,Pathogenic,,
FLT3,995741,c.2503G>T,p.D835Y,Pathogenic,,
FLT3,1201261,c.2503G>T,p.D835Y,Pathogenic,,
FLT3,2930690,c.2504A>T,p.D835V,Pathogenic,,
FLT3,995729,c.2503G>T,p.D835Y,Pathogenic,,
FLT3,AML_439,c.2503G>T,p.D835Y,Pathogenic,,
FLT3,AML014T,c.2503G>T,p.D835Y,Pathogenic,,
FLT3,2735958,c.2503G>T,p.D835Y,Pathogenic,,
FLT3,992143,c.2503G>T,p.D835Y,Pathogenic,,
FLT3,2535624,c.2503G>T,p.D835Y,Pathogenic,,
FLT3,992352,c.2503G>T,p.D835Y,Pathogenic,,
FLT3,E31855,c.2503G>T,p.D835Y,Pathogenic,,
FLT3,1147563,c.2503G>T,p.D835Y,Pathogenic,,
FLT3,E31858,c.2503G>T,p.D835Y,Pathogenic,,
FLT3,E31857,c.2503G>T,p.D835Y,Pathogenic,,
FLT3,E30355,c.2503G>T,p.D835Y,Pathogenic,,
FLT3,AML_230,c.2504A>T,p.D835V,Pathogenic,,
FLT3,201-020-Pre,c.2503G>T,p.D835Y,Pathogenic,,
FLT3,2938567,c.2503G>T,p.D835Y,Pathogenic,,
FLT3,2931039,c.2503G>T,p.D835Y,Pathogenic,,
FLT3,992149,c.2504A>T,p.D835V,Pathogenic,,
FLT3,AML_53,c.2503G>T,p.D835Y,Pathogenic,,
FLT3,2531276,c.2503G>T,p.D835Y,Pathogenic,,
FLT3,2531276,c.2073T>G,p.F691L,Pathogenic,,
FLT3,992044,c.2503G>T,p.D835Y,Pathogenic,,
FLT3,2559200,c.2503G>T,p.D835Y,Pathogenic,,
FLT3,38,c.2503G>T,p.D835Y,Pathogenic,,
FLT3,1153031,c.2503G>T,p.D835Y,Pathogenic,,
FLT3,E34668,c.2504A>T,p.D835V,Pathogenic,,
FLT3,2938550,c.2503G>T,p.D835Y,Pathogenic,,
FLT3,E32046,c.2503G>T,p.D835Y,Pathogenic,,
FLT3,AML_153,c.2503G>T,p.D835Y,Pathogenic,,
FLT3,94,c.2503G>T,p.D835Y,Pathogenic,,
FLT3,995719,c.2504A>T,p.D835V,Pathogenic,,
FLT3,1201264,c.2503G>T,p.D835Y,Pathogenic,,
FLT3,AML_598,c.2503G>T,p.D835Y,Pathogenic,,
FLT3,998019,c.2503G>T,p.D835Y,Pathogenic,,
FLT3,PD7774a,c.2503G>T,p.D835Y,Pathogenic,,
FLT3,E17875,c.2503G>T,p.D835Y,Pathogenic,,
FLT3,2879006,c.2503G>T,p.D835Y,Pathogenic,,
FLT3,998048,c.2503G>T,p.D835Y,Pathogenic,,
FLT3,1066257,c.2503G>T,p.D835Y,Pathogenic,,
FLT3,2964925,c.2504A>T,p.D835V,Pathogenic,,
FLT3,2590364,c.2503G>T,p.D835Y,Pathogenic,,
FLT3,2879014,c.2503G>T,p.D835Y,Pathogenic,,
FLT3,1062012,c.2504A>T,p.D835V,Pathogenic,,
FLT3,1308628,c.2503G>T,p.D835Y,Pathogenic,,
FLT3,PD8059a,c.2503G>T,p.D835Y,Pathogenic,,
FLT3,FLU010015,c.2503G>T,p.D835Y,Pathogenic,,
FLT3,998035,c.2503G>T,p.D835Y,Pathogenic,,
FLT3,13-00181,c.2503G>T,p.D835Y,Pathogenic,,
FLT3,993028,c.2503G>T,p.D835Y,Pathogenic,,
FLT3,1066256,c.2503G>T,p.D835Y,Pathogenic,,
FLT3,PD7873a,c.2503G>T,p.D835Y,Pathogenic,,
FLT3,998215,c.2503G>T,p.D835Y,Pathogenic,,
FLT3,1528860,c.2503G>T,p.D835Y,Pathogenic,,
FLT3,S81775,c.2503G>T,p.D835Y,Pathogenic,,
FLT3,PD10980a,c.2504A>T,p.D835V,Pathogenic,,
FLT3,PD7724a,c.2503G>T,p.D835Y,Pathogenic,,
FLT3,998043,c.2504A>T,p.D835V,Pathogenic,,
FLT3,14-00685,c.2503G>T,p.D835Y,Pathogenic,,
FLT3,TCGA-AB-2957-03,c.2503G>T,p.D835Y,Pathogenic,,
FLT3,26D,c.2503G>T,p.D835Y,Pathogenic,,
FLT3,2538809,c.2503G>T,p.D835Y,Pathogenic,,
FLT3,2938734,c.2503G>T,p.D835Y,Pathogenic,,
FLT3,1863615,c.2503G>T,p.D835Y,Pathogenic,,
FLT3,1863615,c.2504A>T,p.D835V,Pathogenic,,
FLT3,2581252,c.2503G>T,p.D835Y,Pathogenic,,
FLT3,E31856,c.2503G>T,p.D835Y,Pathogenic,,
FLT3,AML_433,c.2503G>T,p.D835Y,Pathogenic,,
FLT3,MLL_96_001,c.2503G>T,p.D835Y,Pathogenic,,
FLT3,992355,c.2503G>T,p.D835Y,Pathogenic,,
FLT3,1153014,c.2503G>T,p.D835Y,Pathogenic,,
FLT3,995721,c.2503G>T,p.D835Y,Pathogenic,,
FLT3,2930764,c.2504A>T,p.D835V,Pathogenic,,
FLT3,PD7721a,c.2503G>T,p.D835Y,Pathogenic,,
FLT3,PD7634a,c.2503G>T,p.D835Y,Pathogenic,,
FLT3,1527614,c.2503G>T,p.D835Y,Pathogenic,,
FLT3,1163050,c.2504A>T,p.D835V,Pathogenic,,
FLT3,SJBALL043721,c.2503G>T,p.D835Y,Pathogenic,,
FLT3,CN-AML-NR-06-Dx,c.2503G>T,p.D835Y,Pathogenic,,
FLT3,E24280,c.2503G>T,p.D835Y,Pathogenic,,
FLT3,AML-ETO-07-T,c.2503G>T,p.D835Y,Pathogenic,,
FLT3,992142,c.2503G>T,p.D835Y,Pathogenic,,
FLT3,1436352,c.2503G>T,p.D835Y,Pathogenic,,
FLT3,AML_482,c.2503G>T,p.D835Y,Pathogenic,,
FLT3,AML_346,c.2503G>T,p.D835Y,Pathogenic,,
FLT3,1153027,c.2503G>T,p.D835Y,Pathogenic,,
FLT3,991979,c.2503G>T,p.D835Y,Pathogenic,,
FLT3,E34670,c.2503G>T,p.D835Y,Pathogenic,,
FLT3,AML_94,c.2503G>T,p.D835Y,Pathogenic,,
FLT3,2843902,c.2503G>T,p.D835Y,Pathogenic,,
FLT3,995750,c.2503G>T,p.D835Y,Pathogenic,,
FLT3,AML_649,c.2503G>T,p.D835Y,Pathogenic,,
FLT3,996124,c.2503G>T,p.D835Y,Pathogenic,,
FLT3,2938743,c.2503G>T,p.D835Y,Pathogenic,,
FLT3,2960447,c.2503G>T,p.D835Y,Pathogenic,,
FLT3,zcc230,c.2504A>T,p.D835V,Pathogenic,,
FLT3,AML_298,c.2503G>T,p.D835Y,Pathogenic,,
FLT3,1201258,c.2503G>T,p.D835Y,Pathogenic,,
FLT3,2580926,c.2503G>T,p.D835Y,Pathogenic,,
FLT3,AML_609,c.2504A>T,p.D835V,Pathogenic,,
FLT3,SJAML062995_R1,c.2504A>T,p.D835V,Pathogenic,,
FLT3,AML_445,c.2503G>T,p.D835Y,Pathogenic,,
FLT3,E32045,c.2503G>T,p.D835Y,Pathogenic,,
FLT3,2780756,c.2503G>T,p.D835Y,Pathogenic,,
FLT3,2780756,c.2504A>T,p.D835V,Pathogenic,,
FLT3,1153019,c.2503G>T,p.D835Y,Pathogenic,,
FLT3,995748,c.2504A>T,p.D835V,Pathogenic,,
FLT3,995738,c.2503G>T,p.D835Y,Pathogenic,,
FLT3,1216720,c.2503G>T,p.D835Y,Pathogenic,,
FLT3,995737,c.2503G>T,p.D835Y,Pathogenic,,
FLT3,2949961,c.2504A>T,p.D835V,Pathogenic,,
FLT3,1153028,c.2503G>T,p.D835Y,Pathogenic,,
FLT3,992144,c.2503G>T,p.D835Y,Pathogenic,,
FLT3,2535628,c.2503G>T,p.D835Y,Pathogenic,,
FLT3,2531277,c.2503G>T,p.D835Y,Pathogenic,,
FLT3,995756,c.2503G>T,p.D835Y,Pathogenic,,
FLT3,995756,c.2504A>T,p.D835V,Pathogenic,,
FLT3,995744,c.2503G>T,p.D835Y,Pathogenic,,
FLT3,992357,c.2504A>T,p.D835V,Pathogenic,,
FLT3,SJBALL210,c.1778A>G,p.D593G,Pathogenic,,
FLT3,AML_11,c.2507T>C,p.I836T,Pathogenic,,
FLT3,PD6057a,c.1517C>T,p.A506V,Pathogenic,,
FLT3,PD8280a,c.1517C>T,p.A506V,Pathogenic,,
FLT3,995131,c.2525A>G,p.Y842C,Pathogenic,,
FLT3,1527611,c.2525A>G,p.Y842C,Pathogenic,,
FLT3,TCGA-AB-2859-03,c.2523C>A,p.N841K,Pathogenic,,
FLT3,PD8365a,c.2523C>A,p.N841K,Pathogenic,,
FLT3,993412,c.2523C>A,p.N841K,Pathogenic,,
FLT3,2950588,c.2525A>G,p.Y842C,Pathogenic,,
FLT3,PAPAPC,c.1723C>G,p.Q575E,Pathogenic,,
FLT3,PD8426a,c.2523C>A,p.N841K,Pathogenic,,
FLT3,PD11118a,c.1723C>G,p.Q575E,Pathogenic,,
FLT3,2938714,c.2523C>A,p.N841K,Pathogenic,,
FLT3,2938768,c.1723C>G,p.Q575E,Pathogenic,,
FLT3,PD8013a,c.2523C>A,p.N841K,Pathogenic,,
FLT3,TARGET-10-PARVWD-09A-01D,c.2525A>G,p.Y842C,Pathogenic,,
FLT3,PD7793a,c.2523C>A,p.N841K,Pathogenic,,
FLT3,PD7634a,c.2525A>G,p.Y842C,Pathogenic,,
FLT3,UT_INF_001,c.2525A>G,p.Y842C,Pathogenic,,
FLT3,2590400,c.2523C>A,p.N841K,Pathogenic,,
FLT3,995130,c.2525A>G,p.Y842C,Pathogenic,,
FLT3,2950923,c.2525A>G,p.Y842C,Pathogenic,,
FLT3,PD6982a,c.196G>A,p.A66T,Pathogenic,,
FLT3,PD6245a,c.686T>A,p.I229K,Pathogenic,,
FLT3,08-0075-653-Pheresis,c.1806A>G,p.K602=,Pathogenic,,
FLT3,TARGET-20-PANLKB-09A-03D,c.1765T>C,p.Y589H,Pathogenic,,
FLT3,PD7612a,c.1481A>T,p.Q494L,Pathogenic,,
FLT3,PD9302a,c.1733T>C,p.M578T,Pathogenic,,
FLT3,12-00147,c.55G>T,p.A19S,Pathogenic,,
FLT3,PD8483a,c.2441C>T,p.A814V,Pathogenic,,
FLT3,2950733,c.2506A>C,p.I836L,Pathogenic,,
FLT3,AML_574,c.2028C>G,p.N676K,Pathogenic,,
FLT3,PAREKM,c.2028C>G,p.N676K,Pathogenic,,
FLT3,SJHYPER014,c.2028C>G,p.N676K,Pathogenic,,
FLT3,PD8386a,c.2028C>G,p.N676K,Pathogenic,,
FLT3,PD11239a,c.2028C>G,p.N676K,Pathogenic,,
FLT3,2964923,c.1715A>C,p.Y572S,Pathogenic,,
FLT3,AML_436,c.2028C>G,p.N676K,Pathogenic,,
FLT3,SJMLL011,c.2028C>G,p.N676K,Pathogenic,,
FLT3,993909,c.2506A>C,p.I836L,Pathogenic,,
FLT3,10532X31,c.55G>T,p.A19S,Pathogenic,,
FLT3,MLL_10_036,c.1352C>T,p.S451F,Pathogenic,,
FLT3,SJAML031398_D1,c.1352C>T,p.S451F,Pathogenic,,
FLT3,AML_148,c.1352C>T,p.S451F,Pathogenic,,
FLT3,B-ALL_REL_403,c.1730A>C,p.Q577P,Pathogenic,,
FLT3,TARGET-20-PANGJY-09A-03D,c.1352C>T,p.S451F,Pathogenic,,
FLT3,PD7867a,c.1352C>T,p.S451F,Pathogenic,,
FLT3,SJAML016547_D1_G1,c.1352C>T,p.S451F,Pathogenic,,
FLT3,SJMLL013,c.1352C>T,p.S451F,Pathogenic,,
FLT3,PD9337a,c.1352C>T,p.S451F,Pathogenic,,
FLT3,1695976,c.1352C>T,p.S451F,Pathogenic,,
FLT3,1156248,c.1352C>T,p.S451F,Pathogenic,,
FLT3,1156030,c.1352C>T,p.S451F,Pathogenic,,
FLT3,FLU010015,c.1352C>T,p.S451F,Pathogenic,,
FLT3,TARGET-20-PARKCX-09A-02D,c.1352C>T,p.S451F,Pathogenic,,
FLT3,PD9343a,c.2028C>G,p.N676K,Pathogenic,,
FLT3,UPN022-REL,c.2028C>G,p.N676K,Pathogenic,,
FLT3,AML_48,c.2028C>G,p.N676K,Pathogenic,,
FLT3,2991197,c.2524T>A,p.Y842N,Pathogenic,,
FLT3,PAPILG,c.2524T>A,p.Y842N,Pathogenic,,
FLT3,2950842,c.2524T>A,p.Y842N,Pathogenic,,
FLT3,PD7624a,c.1352C>T,p.S451F,Pathogenic,,
FLT3,FB5,c.2966A>C,p.Q989P,Pathogenic,,
FLT3,PD7732a,c.1352C>T,p.S451F,Pathogenic,,
FLT3,TARGET-20-PANFMG-09A-03D,c.1352C>T,p.S451F,Pathogenic,,
FLT3,PD7009a,c.499A>G,p.T167A,Pathogenic,,
FLT3,1156026,c.499A>G,p.T167A,Pathogenic,,
FLT3,PD6939a,c.499A>G,p.T167A,Pathogenic,,
FLT3,SUPT1,c.237C>T,p.A79=,Pathogenic,,
FLT3,FLU015034,c.350A>G,p.H117R,Pathogenic,,
FLT3,B-ALL_REL_403,c.1731G>C,p.Q577H,Pathogenic,,
FLT3,PD8554a,c.2188C>T,p.Q730*,Pathogenic,,
FLT3,08-00409,c.592C>T,p.L198F,Pathogenic,,
FLT3,2950831,c.1714T>C,p.Y572H,Pathogenic,,
FLT3,PD9247a,c.1643T>C,p.I548T,Pathogenic,,
FLT3,SJERG020308_D1,c.1987A>C,p.K663Q,Pathogenic,,
FLT3,2611171,c.2501G>A,p.R834Q,Pathogenic,,
FLT3,2898933,c.2027A>G,p.N676S,Pathogenic,,
FLT3,1066261,c.1987A>C,p.K663Q,Pathogenic,,
FLT3,2964921,c.2501G>A,p.R834Q,Pathogenic,,
FLT3,PD7868a,c.2501G>A,p.R834Q,Pathogenic,,
FLT3,AML53,c.2027A>G,p.N676S,Pathogenic,,
FLT3,70,c.1987A>C,p.K663Q,Pathogenic,,
FLT3,1156249,c.2501G>A,p.R834Q,Pathogenic,,
FLT3,SJHYPER111,c.2027A>G,p.N676S,Pathogenic,,
FLT3,1156036,c.2501G>A,p.R834Q,Pathogenic,,
FLT3,P31_D,c.1718A>G,p.E573G,Pathogenic,,
FLT3,P31_R,c.1718A>G,p.E573G,Pathogenic,,
FLT3,1957472,c.2542G>C,p.A848P,Pathogenic,,
FLT3,2907965,c.1423A>C,p.T475P,Pathogenic,,
FLT3,P3,c.1763A>T,p.E588V,Pathogenic,,
FLT3,PD11150a,c.2350A>G,p.T784A,Pathogenic,,
FLT3,2611165,c.1727T>G,p.L576R,Pathogenic,,
FLT3,AML_158,c.1727T>G,p.L576R,Pathogenic,,
FLT3,2950840,c.1718A>G,p.E573G,Pathogenic,,
FLT3,2950912,c.688A>T,p.R230W,Pathogenic,,
FLT3,AML_158,c.1718A>G,p.E573G,Pathogenic,,
FLT3,FLU010074,c.1710T>G,p.F570L,Pathogenic,,
FLT3,PD8484a,c.2512A>G,p.S838G,Pathogenic,,
FLT3,AML_135,c.2027A>C,p.N676T,Pathogenic,,
FLT3,SNUH_G16_S1,c.1073A>T,p.D358V,Pathogenic,,
FLT3,SJAML030118_D1,c.2027A>C,p.N676T,Pathogenic,,
FLT3,241R,c.2027A>C,p.N676T,Pathogenic,,
FLT3,PD10925a,c.2027A>C,p.N676T,Pathogenic,,
FLT3,FLU009013,c.2537G>A,p.G846D,Pathogenic,,
FLT3,AML_320,c.2533A>G,p.R845G,Pathogenic,,
FLT3,AML_14,c.2533A>G,p.R845G,Pathogenic,,
FLT3,AML_568,c.2533A>G,p.R845G,Pathogenic,,
FLT3,AML_164,c.2504A>G,p.D835G,Pathogenic,,
FLT3,2950867,c.725C>G,p.T242S,Pathogenic,,
FLT3,PD7026a,c.2726A>G,p.D909G,Pathogenic,,
FLT3,UPN059-REL,c.1781T>C,p.F594S,Pathogenic,,
FLT3,PANYXR,c.1781T>C,p.F594S,Pathogenic,,
FLT3,PD7864a,c.1794A>C,p.E598D,Pathogenic,,
FLT3,PAPHDX,c.2600T>G,p.I867S,Pathogenic,,
FLT3,SJHYPER153,c.2600T>G,p.I867S,Pathogenic,,
FLT3,1156028,c.970G>A,p.D324N,Pathogenic,,
FLT3,AML52,c.2600T>G,p.I867S,Pathogenic,,
FLT3,AML_91,c.2600T>G,p.I867S,Pathogenic,,
FLT3,SJHYPER021925,c.2600T>G,p.I867S,Pathogenic,,
FLT3,2321298,c.1652G>A,p.C551Y,Pathogenic,,
FLT3,2163875,c.1935G>A,p.M645I,Pathogenic,,
FLT3,13-00379,c.2888C>T,p.S963L,Pathogenic,,
FLT3,PD11024a,c.1592C>G,p.S531C,Pathogenic,,
FLT3,PD7890a,c.1592C>G,p.S531C,Pathogenic,,
FLT3,PD7971a,c.2596A>G,p.T866A,Pathogenic,,
FLT3,zcc127,c.1727T>C,p.L576P,Pathogenic,,
FLT3,PARKZX,c.1727T>C,p.L576P,Pathogenic,,
FLT3,2930623,c.1727T>C,p.L576P,Pathogenic,,
FLT3,12D,c.1727T>C,p.L576P,Pathogenic,,
FLT3,SJHYPO024-D,c.1727T>C,p.L576P,Pathogenic,,
FLT3,PAPHHP,c.1727T>C,p.L576P,Pathogenic,,
FLT3,PARJSR_R,c.1727T>C,p.L576P,Pathogenic,,
FLT3,AML_270,c.1727T>C,p.L576P,Pathogenic,,
FLT3,2950828,c.1727T>C,p.L576P,Pathogenic,,
FLT3,2930688,c.1727T>C,p.L576P,Pathogenic,,
FLT3,AML_526,c.1727T>C,p.L576P,Pathogenic,,
FLT3,PARJSR_D,c.1727T>C,p.L576P,Pathogenic,,
FLT3,AML_287,c.1727T>C,p.L576P,Pathogenic,,
FLT3,2950599,c.1727T>C,p.L576P,Pathogenic,,
FLT3,PD10907a,c.1727T>C,p.L576P,Pathogenic,,
FLT3,2014_SWES_39_DX,c.1727T>C,p.L576P,Pathogenic,,
FLT3,996841,c.1683A>G,p.L561=,Pathogenic,,
FLT3,996842,c.1683A>G,p.L561=,Pathogenic,,
FLT3,29,c.1683A>G,p.L561=,Pathogenic,,
FLT3,MDS43,c.1683A>G,p.L561=,Pathogenic,,
FLT3,pros_02_dx,c.1683A>G,p.L561=,Pathogenic,,
FLT3,MDS27,c.1683A>G,p.L561=,Pathogenic,,
FLT3,6,c.1683A>G,p.L561=,Pathogenic,,
FLT3,996843,c.1683A>G,p.L561=,Pathogenic,,
FLT3,2949964,c.2508C>G,p.I836M,Pathogenic,,
FLT3,996130,c.2508C>G,p.I836M,Pathogenic,,
FLT3,996121,c.2508C>G,p.I836M,Pathogenic,,
FLT3,994867,c.2508C>G,p.I836M,Pathogenic,,
FLT3,996129,c.2508C>G,p.I836M,Pathogenic,,
FLT3,996132,c.2508C>G,p.I836M,Pathogenic,,
FLT3,TARGET-10-PARJSR-09A-02D,c.1727T>C,p.L576P,Pathogenic,,
FLT3,SJERG020050_D1,c.1727T>C,p.L576P,Pathogenic,,
FLT3,FLU010024,c.1198G>T,p.G400*,Pathogenic,,
FLT3,201-013-Pre,c.2504A>C,p.D835A,Pathogenic,,
FLT3,201-013-Relapse,c.2504A>C,p.D835A,Pathogenic,,
FLT3,PD10884a,c.2504A>C,p.D835A,Pathogenic,,
FLT3,1695972,c.2504A>C,p.D835A,Pathogenic,,
FLT3,AML_52,c.2504A>C,p.D835A,Pathogenic,,
FLT3,1527619,c.2504A>C,p.D835A,Pathogenic,,
FLT3,1147569,c.2504A>C,p.D835A,Pathogenic,,
FLT3,PD10814a,c.2504A>C,p.D835A,Pathogenic,,
FLT3,2590377,c.2504A>C,p.D835A,Pathogenic,,
FLT3,SJTALL174,c.2504A>C,p.D835A,Pathogenic,,
FLT3,2950733,c.2504A>C,p.D835A,Pathogenic,,
FLT3,tumor_4139696,c.1134A>C,p.Q378H,Pathogenic,,
FLT3,PD6782a,c.215C>T,p.S72L,Pathogenic,,
FLT3,1156029,c.1090T>C,p.Y364H,Pathogenic,,
FLT3,PD11090a,c.1519A>G,p.I507V,Pathogenic,,
FLT3,FLU010074,c.1664T>A,p.I555N,Pathogenic,,
FLT3,PD8102a,c.1519A>G,p.I507V,Pathogenic,,
FLT3,2689521,c.1519A>G,p.I507V,Pathogenic,,
FLT3,PD7617a,c.1977G>A,p.M659I,Pathogenic,,
FLT3,B-ALL_REL_245,c.1765T>G,p.Y589D,Pathogenic,,
FLT3,PD6816a,c.2440G>T,p.A814S,Pathogenic,,
FLT3,L39,c.1765T>G,p.Y589D,Pathogenic,,
FLT3,2960455,c.1765T>G,p.Y589D,Pathogenic,,
FLT3,1066260,c.2521A>C,p.N841H,Pathogenic,,
FLT3,2930763,c.1349C>T,p.A450V,Pathogenic,,
FLT3,201-007-Pre,c.2601T>G,p.I867M,Pathogenic,,
FLT3,201-007-Relapse,c.2601T>G,p.I867M,Pathogenic,,
FLT3,2928025,c.1836T>A,p.F612L,Pathogenic,,
FLT3,TCGA-AB-2895-03,c.1836T>A,p.F612L,Pathogenic,,
FLT3,2950968,c.1736T>G,p.V579G,Pathogenic,,
FLT3,2950761,c.1775T>A,p.V592D,Pathogenic,,
FLT3,PD8203a,c.1775T>A,p.V592D,Pathogenic,,
FLT3,SJHYPER021928,c.1775T>A,p.V592D,Pathogenic,,
FLT3,CCRF-CEM,c.1879G>A,p.A627T,Pathogenic,,
FLT3,SJAML016564_D1_G1,c.1775T>A,p.V592D,Pathogenic,,
FLT3,SJHYPER063,c.1775T>A,p.V592D,Pathogenic,,
FLT3,AML_295,c.1775T>A,p.V592D,Pathogenic,,
FLT3,CCRF-CEM,c.1879G>A,p.A627T,Pathogenic,,
FLT3,AML_539,c.1775T>A,p.V592D,Pathogenic,,
FLT3,1156034,c.2211G>C,p.M737I,Pathogenic,,
FLT3,PD6183a,c.2211G>C,p.M737I,Pathogenic,,
FLT3,996844,c.1842G>A,p.K614=,Pathogenic,,
FLT3,2943950,c.1775T>G,p.V592G,Pathogenic,,
FLT3,2943951,c.1775T>G,p.V592G,Pathogenic,,
FLT3,1156033,c.1775T>G,p.V592G,Pathogenic,,
FLT3,SJBALL022166,c.1775T>G,p.V592G,Pathogenic,,
FLT3,SJAML001427_D1_G2,c.1775T>G,p.V592G,Pathogenic,,
FLT3,PD7364a,c.1310G>A,p.R437K,Pathogenic,,
FLT3,SJALL043838-R,c.2522A>T,p.N841I,Pathogenic,,
FLT3,SJALL043838-D,c.2522A>T,p.N841I,Pathogenic,,
FLT3,PD8407a,c.2522A>T,p.N841I,Pathogenic,,
FLT3,FLU017007,c.2522A>T,p.N841I,Pathogenic,,
FLT3,2928303,c.2522A>T,p.N841I,Pathogenic,,
FLT3,68D,c.2522A>T,p.N841I,Pathogenic,,
FLT3,2780608,c.2522A>T,p.N841I,Pathogenic,,
FLT3,2898908,c.2522A>T,p.N841I,Pathogenic,,
FLT3,1146142,c.2503G>A,p.D835N,Pathogenic,,
FLT3,1153048,c.2503G>A,p.D835N,Pathogenic,,
FLT3,998047,c.2503G>A,p.D835N,Pathogenic,,
FLT3,CN-AML-NR-01-Dx,c.2503G>A,p.D835N,Pathogenic,,
FLT3,PD10814a,c.2503G>A,p.D835N,Pathogenic,,
FLT3,992444,c.2503G>A,p.D835N,Pathogenic,,
FLT3,1153047,c.2503G>A,p.D835N,Pathogenic,,
FLT3,TCGA-AB-2919-03,c.2503G>A,p.D835N,Pathogenic,,
FLT3,CN-AML-01-T,c.2503G>A,p.D835N,Pathogenic,,
FLT3,E34671,c.2503G>A,p.D835N,Pathogenic,,
FLT3,2950963,c.2822C>T,p.S941L,Pathogenic,,
FLT3,PD7703a,c.2522A>C,p.N841T,Pathogenic,,
FLT3,PD10953a,c.2522A>C,p.N841T,Pathogenic,,
FLT3,CLL031,c.1034T>C,p.V345A,Pathogenic,,
FLT3,AML_152,c.2522A>C,p.N841T,Pathogenic,,
FLT3,PD7750a,c.2522A>C,p.N841T,Pathogenic,,
FLT3,MLL_10_008,c.2522A>C,p.N841T,Pathogenic,,
FLT3,AML_383,c.2522A>C,p.N841T,Pathogenic,,
FLT3,PD9234a,c.2522A>C,p.N841T,Pathogenic,,
FLT3,AML52,c.2522A>C,p.N841T,Pathogenic,,
FLT3,2898929,c.2522A>C,p.N841T,Pathogenic,,
FLT3,2950742,c.1771T>G,p.Y591D,Pathogenic,,
FLT3,PD8007a,c.2522A>C,p.N841T,Pathogenic,,
FLT3,SJHYPER085,c.1771T>G,p.Y591D,Pathogenic,,
FLT3,2943952,c.1771T>G,p.Y591D,Pathogenic,,
FLT3,PD7864a,c.1771T>G,p.Y591D,Pathogenic,,
FLT3,PD8396a,c.1556C>A,p.S519Y,Pathogenic,,
FLT3,2964928,c.1780T>G,p.F594V,Pathogenic,,
FLT3,AML_621,c.1780T>G,p.F594V,Pathogenic,,
FLT3,PAPDHA,c.1780T>G,p.F594V,Pathogenic,,
FLT3,2611166,c.1780T>G,p.F594V,Pathogenic,,
FLT3,PD9229a,c.1780T>G,p.F594V,Pathogenic,,
FLT3,2926827,c.2978C>G,p.S993W,Pathogenic,,
FLT3,SNUH_G16_S1,c.1073A>C,p.D358A,Pathogenic,,
FLT3,tAML-01,c.1724A>C,p.Q575P,Pathogenic,,
FLT3,2611127,c.1796A>G,p.Y599C,Pathogenic,,
FLT3,PD8472a,c.1330G>A,p.E444K,Pathogenic,,
FLT3,PD7896a,c.1992G>A,p.M664I,Pathogenic,,
FLT3,25,c.1744A>G,p.T582A,Pathogenic,,
FLT3,AML_270,c.1739A>C,p.Q580P,Pathogenic,,
FLT3,TARGET-10-PANWHW-03A-01D,c.1739A>C,p.Q580P,Pathogenic,,note: rows 2 through 1239 are from COSMIC
FLT3,NM_004119.3(FLT3):c.2962G>C (p.Ala988Pro),c.2962G>C,p.A988P,Benign,VCV000134441,
FLT3,NM_004119.3(FLT3):c.1669G>A (p.Val557Ile),c.1669G>A ,p.V557I,Benign,VCV000134434,
FLT3,NM_004119.3(FLT3):c.1249A>C (p.Ile417Leu),c.1249A>C,p.I417L,Benign,VCV000134433,
FLT3,NM_004119.3(FLT3):c.1073A>T (p.Asp358Val),c.1073A>T,p.D358V,Benign,VCV000134452,
FLT3,NM_004119.3(FLT3):c.680C>T (p.Thr227Met),c.680C>T,p.T227M,Benign,VCV000134447,
FLT3,NM_004119.3(FLT3):c.580G>A (p.Val194Met),c.580G>A ,p.V194M,Benign,VCV000134446,
FLT3,NM_004119.3(FLT3):c.2505T>A (p.Asp835Glu),c.2505T>A,p.D835E,Pathogenic,VCV000375972,
FLT3,NM_004119.3(FLT3):c.2503G>T (p.Asp835Tyr),c.2503G>T,p.D835Y,Pathogenic,VCV000016276,
FLT3,NM_004119.3(FLT3):c.2503G>A (p.Asp835Asn),c.2503G>A,p.D835N,Pathogenic,VCV000016274,
FLT3,NM_004119.3(FLT3):c.2503G>C (p.Asp835His),c.2503G>C,p.D835H,Pathogenic,VCV000016273,
FLT3,NM_004119.3(FLT3):c.2504A>T (p.Asp835Val),c.2504A>T,p.D835V,Pathogenic,VCV000016272,
FLT3,NM_004119.3(FLT3):c.2533A>G (p.Arg845Gly),c.2533A>G,p.R845G,Likely pathogenic,VCV002572500,note: rows 1240 through 1261 are from ClinVar
FLT3,NM_004119.3(FLT3):c.2979G>A (p.Ser993=),c.2979G>A,p.S993=,Benign,VCV000776787,
FLT3,NM_004119.3(FLT3):c.2958G>A (p.Pro986=),c.2958G>A,p.P986=,Benign,VCV001178009,
FLT3,NM_004119.3(FLT3):c.2415G>A (p.Lys805=),c.2415G>A,p.K805=,Benign,VCV000727593,
FLT3,NM_004119.3(FLT3):c.1815T>C (p.Phe605=),c.1815T>C ,p.F605=,Benign,VCV000776788,
FLT3,NM_004119.3(FLT3):c.1773C>T (p.Tyr591=),c.1773C>T,p.Y591=,Benign,VCV000785441,
FLT3,NM_004119.3(FLT3):c.1683A>G (p.Leu561=),c.1683A>G,p.L561=,Benign,VCV001226610,
FLT3,NM_004119.3(FLT3):c.1578G>C (p.Thr526=),c.1578G>C,p.T526=,Benign,VCV000768607,
FLT3,NM_004119.3(FLT3):c.1278A>G (p.Gln426=),c.1278A>G,p.Q426=,Benign,VCV000769395,
FLT3,NM_004119.3(FLT3):c.288C>T (p.Asp96=),c.288C>T,p.D96=,Benign,VCV001280165,
FLT3,NM_004119.3(FLT3):c.96G>C (p.Val32=),c.96G>C ,p.V32=,Benign,VCV000787677,